"pmcid","is_coi_pred","is_fund_pred","is_register_pred","is_novelty_pred","is_replication_pred","is_open_data","is_open_code","is_ai_pred","is_open_access","oa_license","is_reporting_pred","reporting_guideline"
"PMC10060314","TRUE","TRUE","FALSE","FALSE","FALSE","TRUE","FALSE","FALSE","TRUE","CC-BY-4.0","FALSE",""
"PMC10116118","TRUE","TRUE","FALSE","FALSE","FALSE","FALSE","FALSE","FALSE","FALSE","","FALSE",""
"PMC10131267","TRUE","TRUE","FALSE","FALSE","FALSE","FALSE","FALSE","FALSE","TRUE","CC-BY-NC-ND-4.0","FALSE",""
"PMC10205850","TRUE","TRUE","FALSE","FALSE","FALSE","FALSE","FALSE","FALSE","TRUE","CC-BY-4.0","FALSE",""
"PMC10249466","TRUE","TRUE","FALSE","FALSE","FALSE","TRUE","FALSE","FALSE","TRUE","CC-BY-4.0","TRUE","ARRIVE"
"PMC10327714","TRUE","TRUE","FALSE","TRUE","FALSE","TRUE","FALSE","FALSE","TRUE","CC-BY-4.0","FALSE",""
"PMC10609615","TRUE","TRUE","FALSE","FALSE","FALSE","FALSE","FALSE","TRUE","TRUE","CC-BY-4.0","FALSE",""
"PMC10609652","TRUE","TRUE","FALSE","FALSE","FALSE","FALSE","FALSE","FALSE","TRUE","CC-BY-NC-ND-4.0","FALSE",""
"PMC10618383","TRUE","TRUE","FALSE","TRUE","TRUE","TRUE","FALSE","FALSE","TRUE","CC-BY-4.0","FALSE",""
"PMC10698107","TRUE","TRUE","FALSE","TRUE","FALSE","FALSE","FALSE","FALSE","TRUE","CC-BY-4.0","FALSE",""
"PMC10698493","TRUE","FALSE","FALSE","FALSE","FALSE","FALSE","FALSE","FALSE","TRUE","CC-BY-NC-ND-4.0","FALSE",""
"PMC10704994","TRUE","TRUE","FALSE","TRUE","FALSE","FALSE","FALSE","FALSE","TRUE","CC-BY-4.0","FALSE",""
"PMC10734402","TRUE","TRUE","FALSE","TRUE","FALSE","FALSE","FALSE","TRUE","TRUE","CC-BY-4.0","FALSE",""
"PMC10776164","TRUE","TRUE","TRUE","FALSE","FALSE","TRUE","TRUE","FALSE","TRUE","CC-BY-NC-ND-4.0","FALSE",""
"PMC10806097","TRUE","TRUE","FALSE","TRUE","FALSE","FALSE","FALSE","FALSE","TRUE","CC-BY-4.0","FALSE",""
"PMC10828098","TRUE","TRUE","FALSE","FALSE","FALSE","FALSE","FALSE","FALSE","TRUE","CC-BY-NC-ND-4.0","FALSE",""
"PMC10841845","TRUE","TRUE","FALSE","FALSE","FALSE","FALSE","FALSE","FALSE","TRUE","CC-BY-NC-ND-4.0","FALSE",""
"PMC10861108","TRUE","FALSE","TRUE","FALSE","FALSE","FALSE","FALSE","FALSE","TRUE","CC-BY-NC-ND-4.0","TRUE","PRISMA"
"PMC10861991","TRUE","TRUE","FALSE","TRUE","FALSE","TRUE","FALSE","FALSE","TRUE","CC-BY-4.0","FALSE",""
"PMC10871777","TRUE","FALSE","FALSE","TRUE","FALSE","FALSE","FALSE","FALSE","TRUE","CC-BY-NC-ND-4.0","FALSE",""
"PMC10872395","TRUE","TRUE","TRUE","FALSE","FALSE","FALSE","FALSE","FALSE","TRUE","CC-BY-NC-4.0","FALSE",""
"PMC10938932","TRUE","TRUE","FALSE","TRUE","FALSE","FALSE","FALSE","FALSE","TRUE","CC-BY-4.0","TRUE","RAMESES"
"PMC10963338","TRUE","TRUE","TRUE","FALSE","FALSE","FALSE","FALSE","FALSE","TRUE","CC-BY-NC-4.0","FALSE",""
"PMC11008641","TRUE","FALSE","FALSE","TRUE","FALSE","FALSE","FALSE","FALSE","TRUE","CC-BY-4.0","FALSE",""
"PMC11018713","TRUE","FALSE","FALSE","TRUE","FALSE","FALSE","FALSE","FALSE","TRUE","CC-BY-4.0","FALSE",""
"PMC11065962","TRUE","TRUE","FALSE","FALSE","FALSE","FALSE","FALSE","FALSE","TRUE","CC-BY-NC-4.0","FALSE",""
"PMC11090936","TRUE","TRUE","FALSE","TRUE","TRUE","FALSE","FALSE","FALSE","TRUE","CC-BY-4.0","FALSE",""
"PMC11091561","FALSE","TRUE","FALSE","FALSE","TRUE","FALSE","FALSE","FALSE","TRUE","CC-BY-NC-4.0","FALSE",""
"PMC11091654","TRUE","FALSE","FALSE","FALSE","FALSE","TRUE","FALSE","FALSE","TRUE","CC-BY-NC-4.0","FALSE",""
"PMC11124653","TRUE","TRUE","FALSE","TRUE","FALSE","FALSE","FALSE","FALSE","TRUE","CC-BY-NC-ND-4.0","FALSE",""
"PMC11178679","TRUE","FALSE","FALSE","TRUE","FALSE","FALSE","FALSE","FALSE","TRUE","CC-BY-4.0","FALSE",""
"PMC11191449","TRUE","TRUE","FALSE","FALSE","TRUE","TRUE","FALSE","FALSE","TRUE","CC-BY-NC-4.0","FALSE",""
"PMC11203085","TRUE","FALSE","FALSE","FALSE","FALSE","FALSE","FALSE","FALSE","TRUE","CC-BY-NC-4.0","FALSE",""
"PMC11209824","FALSE","TRUE","FALSE","FALSE","FALSE","FALSE","FALSE","FALSE","TRUE","CC-BY-NC-ND-4.0","FALSE",""
"PMC11234980","TRUE","FALSE","FALSE","FALSE","FALSE","FALSE","FALSE","FALSE","TRUE","CC-BY-NC-4.0","FALSE",""
"PMC11234989","TRUE","FALSE","FALSE","FALSE","FALSE","FALSE","FALSE","FALSE","TRUE","CC-BY-NC-4.0","FALSE",""
"PMC11235001","TRUE","TRUE","FALSE","FALSE","FALSE","FALSE","FALSE","FALSE","TRUE","CC-BY-NC-4.0","TRUE","CONSORT"
"PMC11235021","TRUE","TRUE","TRUE","FALSE","FALSE","TRUE","FALSE","FALSE","TRUE","CC-BY-NC-4.0","TRUE","CONSORT"
"PMC11300708","TRUE","TRUE","FALSE","TRUE","TRUE","FALSE","FALSE","TRUE","TRUE","CC-BY-NC-4.0","FALSE",""
"PMC11315360","TRUE","TRUE","FALSE","FALSE","FALSE","FALSE","FALSE","FALSE","TRUE","CC-BY-4.0","FALSE",""
"PMC11321493","FALSE","TRUE","FALSE","FALSE","TRUE","FALSE","FALSE","FALSE","TRUE","CC-BY-4.0","FALSE",""
"PMC11426186","TRUE","TRUE","FALSE","TRUE","FALSE","FALSE","FALSE","FALSE","TRUE","CC-BY-NC-4.0","FALSE",""
"PMC11489968","TRUE","TRUE","FALSE","TRUE","FALSE","FALSE","FALSE","FALSE","TRUE","CC-BY-NC-4.0","FALSE",""
"PMC11490956","TRUE","TRUE","FALSE","FALSE","FALSE","FALSE","FALSE","FALSE","TRUE","CC-BY-NC-4.0","FALSE",""
"PMC11490967","TRUE","FALSE","FALSE","FALSE","FALSE","FALSE","FALSE","FALSE","TRUE","CC-BY-NC-4.0","FALSE",""
"PMC11520020","TRUE","FALSE","TRUE","FALSE","TRUE","FALSE","FALSE","FALSE","TRUE","CC-BY-NC-4.0","TRUE","PRISMA; TRIPOD"
"PMC11559274","TRUE","TRUE","FALSE","FALSE","FALSE","FALSE","FALSE",,"TRUE","CC-BY-4.0","TRUE","COREQ"
"PMC11559285","TRUE","FALSE","FALSE","FALSE","FALSE","FALSE","FALSE",,"TRUE","CC-BY-4.0","TRUE","PRISMA"
"PMC11559286","TRUE","TRUE","FALSE","FALSE","FALSE","FALSE","FALSE","FALSE","TRUE","CC-BY-4.0","FALSE",""
"PMC11559293","TRUE","FALSE","FALSE","FALSE","FALSE","TRUE","FALSE","FALSE","TRUE","CC-BY-4.0","FALSE",""
"PMC11559294","TRUE","FALSE","FALSE","FALSE","FALSE","FALSE","FALSE","FALSE","TRUE","CC-BY-4.0","FALSE",""
"PMC11559295","TRUE","FALSE","TRUE","FALSE","FALSE","FALSE","FALSE",,"TRUE","CC-BY-4.0","TRUE","PRISMA"
"PMC11559298","TRUE","FALSE","FALSE","FALSE","FALSE","FALSE","FALSE","FALSE","TRUE","CC-BY-4.0","TRUE","COREQ"
"PMC11559314","TRUE","TRUE","FALSE","FALSE","FALSE","FALSE","FALSE","FALSE","TRUE","CC-BY-4.0","FALSE",""
"PMC11559317","TRUE","FALSE","FALSE","FALSE","FALSE","FALSE","FALSE",,"TRUE","CC-BY-4.0","FALSE",""
"PMC11559321","TRUE","FALSE","FALSE","FALSE","FALSE","FALSE","FALSE",,"TRUE","CC-BY-4.0","TRUE","COREQ"
"PMC11559326","FALSE","FALSE","FALSE","FALSE","FALSE","FALSE","FALSE","FALSE","TRUE","CC-BY-4.0","FALSE",""
"PMC11559343","TRUE","TRUE","FALSE","FALSE","FALSE","TRUE","FALSE","FALSE","TRUE","CC-BY-4.0","FALSE",""
"PMC11560094","TRUE","TRUE","FALSE","FALSE","FALSE","TRUE","FALSE","FALSE","TRUE","CC-BY-4.0","FALSE",""
"PMC11560103","TRUE","TRUE","FALSE","FALSE","FALSE","FALSE","FALSE","FALSE","TRUE","CC-BY-4.0","FALSE",""
"PMC11560112","TRUE","TRUE","FALSE","FALSE","FALSE","FALSE","FALSE","FALSE","TRUE","CC-BY-4.0","FALSE",""
"PMC11616534","TRUE","FALSE","FALSE","FALSE","FALSE","FALSE","FALSE","FALSE","TRUE","CC-BY-4.0","FALSE",""
"PMC11616543","TRUE","FALSE","FALSE","FALSE","FALSE","FALSE","FALSE","FALSE","TRUE","CC-BY-4.0","FALSE",""
"PMC11616545","TRUE","FALSE","FALSE","FALSE","FALSE","FALSE","FALSE","FALSE","TRUE","CC-BY-4.0","FALSE",""
"PMC11616546","TRUE","FALSE","FALSE","FALSE","FALSE","FALSE","FALSE","FALSE","TRUE","CC-BY-4.0","FALSE",""
"PMC11643428","TRUE","TRUE","FALSE","FALSE","FALSE","FALSE","FALSE","FALSE","TRUE","CC-BY-4.0","FALSE",""
"PMC11749111","TRUE","TRUE","FALSE","TRUE","FALSE","FALSE","FALSE","FALSE","TRUE","CC-BY-4.0","FALSE",""
"PMC11749341","TRUE","FALSE","FALSE","FALSE","FALSE","FALSE","FALSE","FALSE","TRUE","CC-BY-4.0","FALSE",""
"PMC11749366","TRUE","TRUE","FALSE","FALSE","FALSE","TRUE","FALSE","FALSE","TRUE","CC-BY-4.0","FALSE",""
"PMC11749453","TRUE","FALSE","FALSE","FALSE","FALSE","FALSE","FALSE","FALSE","TRUE","CC-BY-4.0","FALSE",""
"PMC11749475","TRUE","TRUE","FALSE","FALSE","FALSE","FALSE","FALSE","FALSE","TRUE","CC-BY-4.0","FALSE",""
"PMC11749477","TRUE","TRUE","FALSE","FALSE","FALSE","FALSE","FALSE","FALSE","TRUE","CC-BY-4.0","FALSE",""
"PMC11749542","TRUE","TRUE","FALSE","FALSE","FALSE","TRUE","FALSE","FALSE","TRUE","CC-BY-4.0","FALSE",""
"PMC11749629","TRUE","FALSE","FALSE","FALSE","FALSE","FALSE","FALSE","FALSE","TRUE","CC-BY-4.0","FALSE",""
"PMC11749630","TRUE","FALSE","FALSE","FALSE","FALSE","FALSE","FALSE","FALSE","TRUE","CC-BY-4.0","FALSE",""
"PMC11749633","TRUE","FALSE","FALSE","FALSE","FALSE","FALSE","FALSE","FALSE","TRUE","CC-BY-4.0","FALSE",""
"PMC11749848","TRUE","FALSE","FALSE","FALSE","FALSE","FALSE","FALSE","FALSE","TRUE","CC-BY-4.0","FALSE",""
"PMC11749852","TRUE","TRUE","FALSE","FALSE","FALSE","FALSE","FALSE","FALSE","TRUE","CC-BY-4.0","FALSE",""
"PMC11749860","TRUE","FALSE","FALSE","FALSE","FALSE","FALSE","FALSE","FALSE","TRUE","CC-BY-4.0","FALSE",""
"PMC11756466","TRUE","TRUE","FALSE","FALSE","FALSE","FALSE","FALSE","FALSE","TRUE","CC-BY-4.0","FALSE",""
"PMC11759107","FALSE","FALSE","FALSE","FALSE","FALSE","FALSE","FALSE","FALSE","TRUE","CC-BY-NC-ND-4.0","FALSE",""
"PMC11763301","TRUE","FALSE","FALSE","FALSE","FALSE","FALSE","FALSE","FALSE","TRUE","CC-BY-NC-SA-4.0","FALSE",""
"PMC11770424","TRUE","FALSE","FALSE","FALSE","FALSE","FALSE","FALSE","FALSE","TRUE","CC-BY-NC-4.0","FALSE",""
"PMC11770426","TRUE","TRUE","FALSE","FALSE","FALSE","FALSE","FALSE","FALSE","TRUE","CC-BY-NC-4.0","FALSE",""
"PMC11770432","TRUE","FALSE","FALSE","FALSE","FALSE","FALSE","FALSE","FALSE","TRUE","CC-BY-NC-4.0","FALSE",""
"PMC11770460","TRUE","TRUE","TRUE","TRUE","FALSE","FALSE","FALSE","FALSE","TRUE","CC-BY-NC-4.0","TRUE","PRISMA"
"PMC11775040","TRUE","TRUE","FALSE","FALSE","FALSE","FALSE","FALSE","FALSE","TRUE","CC-BY-4.0","TRUE","PRISMA"
"PMC11775676","TRUE","FALSE","FALSE","FALSE","FALSE","FALSE","FALSE","FALSE","TRUE","CC-BY-4.0","FALSE",""
"PMC11777130","FALSE","FALSE","FALSE","FALSE","FALSE","FALSE","FALSE","FALSE","TRUE","CC-BY-NC-4.0","FALSE",""
"PMC11778741","TRUE","TRUE","FALSE","FALSE","FALSE","FALSE","FALSE","FALSE","TRUE","CC-BY-4.0","FALSE",""
"PMC11778932","TRUE","FALSE","FALSE","FALSE","FALSE","FALSE","FALSE","FALSE","TRUE","CC-BY-NC-3.0","FALSE",""
"PMC11779783","TRUE","TRUE","FALSE","FALSE","FALSE","TRUE","FALSE","FALSE","TRUE","CC-BY-4.0","FALSE",""
"PMC11781948","TRUE","TRUE","FALSE","FALSE","FALSE","FALSE","FALSE","FALSE","TRUE","CC-BY-4.0","FALSE",""
"PMC11782427","TRUE","TRUE","FALSE","FALSE","FALSE","FALSE","FALSE","FALSE","TRUE","CC-BY-4.0","FALSE",""
"PMC11783631","TRUE","FALSE","TRUE","FALSE","FALSE","FALSE","FALSE","FALSE","TRUE","CC-BY-4.0","TRUE","CONSORT"
"PMC11783644","TRUE","FALSE","FALSE","FALSE","FALSE","FALSE","FALSE","FALSE","TRUE","CC-BY-NC-ND-4.0","FALSE",""
"PMC11784942","TRUE","TRUE","FALSE","TRUE","FALSE","TRUE","FALSE","FALSE","TRUE","CC-BY-4.0","FALSE",""
"PMC11789660","TRUE","TRUE","FALSE","FALSE","TRUE","FALSE","FALSE","FALSE","TRUE","CC-BY-4.0","FALSE",""
"PMC11789706","TRUE","TRUE","TRUE","FALSE","FALSE","FALSE","FALSE","FALSE","TRUE","CC-BY-4.0","TRUE","PRISMA"
"PMC11792060","TRUE","TRUE","FALSE","FALSE","FALSE","FALSE","FALSE","FALSE","TRUE","CC-BY-NC-ND-4.0","FALSE",""
"PMC11792064","TRUE","TRUE","FALSE","FALSE","FALSE","FALSE","FALSE","FALSE","TRUE","CC-BY-NC-ND-4.0","FALSE",""
"PMC11795339","TRUE","TRUE","FALSE","TRUE","FALSE","FALSE","FALSE","FALSE","TRUE","CC-BY-NC-ND-4.0","FALSE",""
"PMC11795347","TRUE","FALSE","FALSE","FALSE","FALSE","FALSE","FALSE","FALSE","TRUE","CC-BY-4.0","FALSE",""
"PMC11795938","TRUE","TRUE","FALSE","FALSE","FALSE","FALSE","FALSE","FALSE","TRUE","CC-BY-4.0","FALSE",""
"PMC11795942","TRUE","TRUE","FALSE","FALSE","FALSE","FALSE","FALSE","FALSE","TRUE","CC-BY-4.0","TRUE","PRISMA"
"PMC11795952","TRUE","TRUE","TRUE","FALSE","FALSE","FALSE","FALSE","FALSE","TRUE","CC-BY-4.0","TRUE","PRISMA"
"PMC11795958","TRUE","FALSE","FALSE","FALSE","FALSE","FALSE","FALSE","FALSE","TRUE","CC-BY-4.0","FALSE",""
"PMC11795977","TRUE","FALSE","FALSE","FALSE","FALSE","FALSE","FALSE","FALSE","TRUE","CC-BY-4.0","FALSE",""
"PMC11797756","TRUE","FALSE","FALSE","FALSE","FALSE","TRUE","FALSE","FALSE","TRUE","CC-BY-4.0","FALSE",""
"PMC11797768","TRUE","FALSE","FALSE","FALSE","FALSE","FALSE","FALSE","FALSE","TRUE","CC-BY-4.0","FALSE",""
"PMC11797800","TRUE","TRUE","FALSE","FALSE","FALSE","TRUE","FALSE","FALSE","TRUE","CC-BY-4.0","FALSE",""
"PMC11797806","TRUE","FALSE","FALSE","FALSE","FALSE","FALSE","FALSE","FALSE","TRUE","CC-BY-4.0","FALSE",""
"PMC11797869","TRUE","TRUE","FALSE","TRUE","FALSE","FALSE","FALSE","FALSE","TRUE","CC-BY-4.0","FALSE",""
"PMC11798374","TRUE","FALSE","TRUE","TRUE","FALSE","FALSE","FALSE","FALSE","TRUE","CC-BY-4.0","TRUE","STROBE"
"PMC11798398","TRUE","FALSE","FALSE","FALSE","FALSE","FALSE","FALSE","FALSE","TRUE","CC-BY-4.0","FALSE",""
"PMC11804575","TRUE","TRUE","FALSE","TRUE","TRUE","FALSE","FALSE","FALSE","TRUE","CC-BY-4.0","FALSE",""
"PMC11805480","TRUE","FALSE","FALSE","FALSE","FALSE","FALSE","FALSE","FALSE","TRUE","CC-BY-NC-ND-4.0","FALSE",""
"PMC11805674","TRUE","TRUE","FALSE","TRUE","FALSE","TRUE","TRUE","FALSE","TRUE","CC-BY-4.0","FALSE",""
"PMC11807083","TRUE","FALSE","FALSE","TRUE","FALSE","FALSE","FALSE","FALSE","TRUE","CC-BY-4.0","FALSE",""
"PMC11809725","FALSE","TRUE","FALSE","FALSE","FALSE","FALSE","FALSE","FALSE","TRUE","CC-BY-NC-ND-4.0","FALSE",""
"PMC11809978","TRUE","TRUE","FALSE","TRUE","FALSE","FALSE","FALSE","FALSE","TRUE","CC-BY-NC-ND-4.0","FALSE",""
"PMC11809979","TRUE","FALSE","FALSE","FALSE","FALSE","FALSE","FALSE","FALSE","TRUE","CC-BY-4.0","TRUE","PROCESS"
"PMC11809991","TRUE","FALSE","FALSE","FALSE","FALSE","FALSE","FALSE","FALSE","TRUE","CC-BY-NC-ND-4.0","FALSE",""
"PMC11811754","TRUE","TRUE","FALSE","FALSE","FALSE","FALSE","FALSE","FALSE","TRUE","CC-BY-4.0","FALSE",""
"PMC11811892","TRUE","TRUE","FALSE","TRUE","FALSE","TRUE","TRUE","FALSE","TRUE","CC-BY-4.0","FALSE",""
"PMC11812658","TRUE","TRUE","TRUE","FALSE","FALSE","FALSE","FALSE","FALSE","TRUE","CC-BY-NC-ND-4.0","FALSE",""
"PMC11812664","TRUE","FALSE","FALSE","FALSE","FALSE","FALSE","FALSE","FALSE","TRUE","CC-BY-4.0","FALSE",""
"PMC11812712","TRUE","TRUE","FALSE","FALSE","FALSE","TRUE","FALSE","FALSE","TRUE","CC-BY-NC-4.0","FALSE",""
"PMC11812716","TRUE","FALSE","FALSE","FALSE","FALSE","FALSE","FALSE","FALSE","TRUE","CC-BY-NC-4.0","TRUE","STROBE"
"PMC11812730","TRUE","FALSE","FALSE","TRUE","FALSE","TRUE","FALSE","FALSE","TRUE","CC-BY-NC-4.0","FALSE",""
"PMC11813997","TRUE","TRUE","FALSE","FALSE","FALSE","FALSE","FALSE","FALSE","TRUE","CC-BY-4.0","FALSE",""
"PMC11815345","TRUE","TRUE","FALSE","FALSE","FALSE","FALSE","FALSE","FALSE","TRUE","CC-BY-4.0","FALSE",""
"PMC11815617","TRUE","FALSE","FALSE","TRUE","FALSE","FALSE","FALSE","FALSE","TRUE","CC-BY-NC-4.0","FALSE",""
"PMC11815627","TRUE","TRUE","FALSE","FALSE","FALSE","FALSE","FALSE","FALSE","TRUE","CC-BY-NC-ND-4.0","FALSE",""
"PMC11822909","TRUE","FALSE","FALSE","FALSE","FALSE","FALSE","FALSE","FALSE","TRUE","CC-BY-4.0","FALSE",""
"PMC11824579","TRUE","TRUE","FALSE","FALSE","FALSE","TRUE","FALSE","FALSE","TRUE","CC-BY-4.0","FALSE",""
"PMC11824748","TRUE","TRUE","FALSE","FALSE","FALSE","FALSE","FALSE","FALSE","TRUE","CC-BY-4.0","FALSE",""
"PMC11824888","TRUE","TRUE","FALSE","FALSE","FALSE","FALSE","FALSE","FALSE","TRUE","CC-BY-NC-ND-4.0","FALSE",""
"PMC11826074","TRUE","FALSE","FALSE","FALSE","FALSE","FALSE","FALSE","FALSE","TRUE","CC-BY-4.0","TRUE","SPIRIT"
"PMC11826524","TRUE","FALSE","FALSE","FALSE","FALSE","FALSE","FALSE","FALSE","TRUE","CC-BY-4.0","FALSE",""
"PMC11826527","TRUE","FALSE","FALSE","TRUE","FALSE","FALSE","FALSE","FALSE","TRUE","CC-BY-4.0","FALSE",""
"PMC11826529","TRUE","FALSE","FALSE","FALSE","FALSE","FALSE","FALSE","FALSE","TRUE","CC-BY-4.0","FALSE",""
"PMC11826548","TRUE","FALSE","FALSE","FALSE","FALSE","FALSE","FALSE","FALSE","TRUE","CC-BY-4.0","FALSE",""
"PMC11826665","TRUE","FALSE","FALSE","FALSE","FALSE","FALSE","FALSE","FALSE","TRUE","CC-BY-4.0","FALSE",""
"PMC11826668","TRUE","FALSE","FALSE","FALSE","FALSE","FALSE","FALSE","FALSE","TRUE","CC-BY-4.0","FALSE",""
"PMC11826714","TRUE","FALSE","FALSE","FALSE","FALSE","FALSE","FALSE","FALSE","TRUE","CC-BY-4.0","FALSE",""
"PMC11826726","TRUE","FALSE","FALSE","FALSE","FALSE","FALSE","FALSE","FALSE","TRUE","CC-BY-4.0","FALSE",""
"PMC11826728","TRUE","TRUE","FALSE","FALSE","FALSE","FALSE","FALSE","FALSE","TRUE","CC-BY-4.0","FALSE",""
"PMC11827284","TRUE","FALSE","FALSE","FALSE","FALSE","TRUE","FALSE","FALSE","TRUE","CC-BY-4.0","FALSE",""
"PMC11828834","TRUE","TRUE","FALSE","TRUE","FALSE","FALSE","FALSE","FALSE","TRUE","CC-BY-4.0","FALSE",""
"PMC11832070","TRUE","FALSE","FALSE","FALSE","FALSE","FALSE","FALSE","FALSE","TRUE","CC-BY-4.0","FALSE",""
"PMC11832457","TRUE","TRUE","FALSE","FALSE","TRUE","FALSE","FALSE","FALSE","TRUE","CC-BY-NC-ND-4.0","TRUE","TRIPOD"
"PMC11832701","TRUE","TRUE","FALSE","FALSE","FALSE","FALSE","FALSE","FALSE","TRUE","CC-BY-4.0","FALSE",""
"PMC11837399","TRUE","TRUE","FALSE","FALSE","TRUE","FALSE","FALSE","FALSE","TRUE","CC-BY-NC-ND-4.0","TRUE","CONSORT"
"PMC11838805","TRUE","FALSE","FALSE","FALSE","FALSE","FALSE","FALSE","FALSE","TRUE","CC-BY-NC-SA-4.0","FALSE",""
"PMC11841729","TRUE","TRUE","FALSE","TRUE","FALSE","FALSE","FALSE","FALSE","TRUE","CC-BY-NC-ND-4.0","FALSE",""
"PMC11841776","TRUE","FALSE","FALSE","TRUE","FALSE","FALSE","FALSE","FALSE","TRUE","CC-BY-NC-4.0","FALSE",""
"PMC11841784","TRUE","TRUE","FALSE","FALSE","FALSE","FALSE","FALSE","FALSE","TRUE","CC-BY-4.0","FALSE",""
"PMC11841804","TRUE","TRUE","FALSE","FALSE","FALSE","FALSE","FALSE","FALSE","TRUE","CC-BY-NC-ND-4.0","FALSE",""
"PMC11841809","TRUE","TRUE","FALSE","TRUE","FALSE","FALSE","FALSE","FALSE","TRUE","CC-BY-NC-ND-4.0","FALSE",""
"PMC11845271","TRUE","TRUE","FALSE","TRUE","FALSE","TRUE","FALSE","FALSE","TRUE","CC-BY-NC-ND-4.0","FALSE",""
"PMC11845430","FALSE","TRUE","FALSE","FALSE","FALSE","FALSE","FALSE","FALSE","TRUE","CC-BY-4.0","FALSE",""
"PMC11849249","TRUE","FALSE","FALSE","FALSE","FALSE","FALSE","FALSE","FALSE","TRUE","CC-BY-NC-4.0","FALSE",""
"PMC11849431","TRUE","TRUE","FALSE","FALSE","FALSE","TRUE","FALSE","FALSE","TRUE","CC-BY-NC-ND-4.0","FALSE",""
"PMC11851330","TRUE","TRUE","FALSE","TRUE","FALSE","FALSE","FALSE","FALSE","TRUE","CC-BY-4.0","FALSE",""
"PMC11854049","TRUE","TRUE","FALSE","FALSE","FALSE","FALSE","FALSE","FALSE","TRUE","CC-BY-4.0","FALSE",""
"PMC11861246","TRUE","TRUE","FALSE","TRUE","FALSE","FALSE","FALSE","FALSE","TRUE","CC-BY-4.0","FALSE",""
"PMC11861341","TRUE","TRUE","TRUE","FALSE","FALSE","FALSE","FALSE","FALSE","TRUE","CC-BY-4.0","FALSE",""
"PMC11863249","TRUE","TRUE","FALSE","TRUE","FALSE","FALSE","FALSE","FALSE","TRUE","CC-BY-NC-4.0","FALSE",""
"PMC11863715","TRUE","FALSE","FALSE","FALSE","FALSE","TRUE","FALSE","FALSE","TRUE","CC-BY-4.0","FALSE",""
"PMC11863807","TRUE","FALSE","FALSE","FALSE","FALSE","FALSE","FALSE","FALSE","TRUE","CC-BY-NC-ND-4.0","FALSE",""
"PMC11863815","TRUE","FALSE","FALSE","TRUE","FALSE","FALSE","FALSE","FALSE","TRUE","CC-BY-NC-ND-4.0","FALSE",""
"PMC11863888","TRUE","FALSE","FALSE","FALSE","TRUE","FALSE","FALSE","FALSE","TRUE","CC-BY-NC-ND-4.0","FALSE",""
"PMC11863935","TRUE","FALSE","FALSE","TRUE","FALSE","FALSE","FALSE","FALSE","TRUE","CC-BY-NC-ND-4.0","FALSE",""
"PMC11863985","TRUE","FALSE","FALSE","FALSE","FALSE","FALSE","FALSE","FALSE","TRUE","CC-BY-NC-ND-4.0","FALSE",""
"PMC11864390","TRUE","FALSE","FALSE","FALSE","FALSE","FALSE","FALSE","FALSE","TRUE","CC-BY-NC-4.0","TRUE","PRISMA"
"PMC11864397","TRUE","FALSE","FALSE","FALSE","FALSE","FALSE","FALSE","FALSE","TRUE","CC-BY-NC-4.0","FALSE",""
"PMC11864410","TRUE","FALSE","FALSE","FALSE","FALSE","FALSE","FALSE","FALSE","TRUE","CC-BY-NC-4.0","FALSE",""
"PMC11864451","TRUE","FALSE","FALSE","FALSE","FALSE","FALSE","FALSE","FALSE","TRUE","CC-BY-NC-4.0","FALSE",""
"PMC11864466","TRUE","FALSE","FALSE","FALSE","FALSE","FALSE","FALSE","FALSE","TRUE","CC-BY-NC-4.0","FALSE",""
"PMC11864481","TRUE","FALSE","FALSE","FALSE","FALSE","FALSE","FALSE","FALSE","TRUE","CC-BY-NC-4.0","FALSE",""
"PMC11864574","TRUE","FALSE","FALSE","TRUE","FALSE","TRUE","FALSE","FALSE","TRUE","CC-BY-NC-4.0","FALSE",""
"PMC11867154","FALSE","TRUE","FALSE","TRUE","FALSE","FALSE","FALSE","FALSE","TRUE","CC-BY-NC-ND-4.0","FALSE",""
"PMC11870208","TRUE","TRUE","FALSE","TRUE","FALSE","FALSE","FALSE","FALSE","TRUE","CC-BY-NC-ND-4.0","FALSE",""
"PMC11870877","TRUE","TRUE","FALSE","FALSE","FALSE","FALSE","FALSE","FALSE","TRUE","CC-BY-4.0","FALSE",""
"PMC11872228","TRUE","TRUE","FALSE","TRUE","FALSE","FALSE","FALSE","FALSE","TRUE","CC-BY-NC-ND-4.0","FALSE",""
"PMC11872673","TRUE","TRUE","FALSE","FALSE","FALSE","FALSE","FALSE","FALSE","TRUE","CC-BY-4.0","FALSE",""
"PMC11874006","TRUE","TRUE","TRUE","FALSE","FALSE","FALSE","FALSE","FALSE","TRUE","CC-BY-NC-4.0","FALSE",""
"PMC11874134","TRUE","TRUE","FALSE","FALSE","FALSE","FALSE","FALSE","FALSE","TRUE","CC-BY-NC-4.0","FALSE",""
"PMC11874455","TRUE","TRUE","FALSE","FALSE","FALSE","FALSE","FALSE","FALSE","TRUE","CC-BY-NC-4.0","FALSE",""
"PMC11874587","FALSE","FALSE","FALSE","FALSE","FALSE","FALSE","FALSE","FALSE","TRUE","CC-BY-NC-4.0","FALSE",""
"PMC11877531","TRUE","FALSE","FALSE","TRUE","FALSE","FALSE","FALSE","FALSE","TRUE","CC-BY-NC-ND-4.0","FALSE",""
"PMC11877585","TRUE","FALSE","FALSE","FALSE","FALSE","FALSE","FALSE","FALSE","TRUE","CC-BY-NC-ND-4.0","FALSE",""
"PMC11877588","TRUE","TRUE","FALSE","FALSE","FALSE","FALSE","FALSE","FALSE","TRUE","CC-BY-NC-ND-4.0","FALSE",""
"PMC11877669","TRUE","TRUE","FALSE","TRUE","FALSE","FALSE","FALSE","FALSE","TRUE","CC-BY-NC-ND-4.0","FALSE",""
"PMC11877676","TRUE","FALSE","TRUE","TRUE","FALSE","FALSE","FALSE","FALSE","TRUE","CC-BY-4.0","FALSE",""
"PMC11878803","TRUE","FALSE","FALSE","FALSE","FALSE","FALSE","FALSE","FALSE","TRUE","CC-BY-NC-4.0","FALSE",""
"PMC11878835","TRUE","FALSE","FALSE","FALSE","FALSE","FALSE","FALSE","FALSE","TRUE","CC-BY-NC-4.0","FALSE",""
"PMC11878850","TRUE","FALSE","FALSE","FALSE","FALSE","FALSE","FALSE","FALSE","TRUE","CC-BY-NC-4.0","FALSE",""
"PMC11878869","TRUE","FALSE","FALSE","FALSE","FALSE","FALSE","FALSE","FALSE","TRUE","CC-BY-NC-4.0","FALSE",""
"PMC11881149","TRUE","FALSE","FALSE","FALSE","FALSE","FALSE","FALSE","FALSE","TRUE","CC-BY-NC-ND-4.0","FALSE",""
"PMC11881154","TRUE","FALSE","FALSE","TRUE","FALSE","FALSE","FALSE","FALSE","TRUE","CC-BY-NC-ND-4.0","FALSE",""
"PMC11881524","TRUE","TRUE","FALSE","TRUE","TRUE","FALSE","FALSE","FALSE","TRUE","CC-BY-4.0","FALSE",""
"PMC11882145","TRUE","TRUE","FALSE","FALSE","FALSE","FALSE","FALSE","FALSE","TRUE","CC-BY-4.0","TRUE","PRISMA"
"PMC11882184","TRUE","TRUE","TRUE","TRUE","FALSE","FALSE","TRUE","FALSE","TRUE","CC-BY-NC-ND-4.0","FALSE",""
"PMC11882198","TRUE","TRUE","FALSE","FALSE","FALSE","FALSE","FALSE","FALSE","TRUE","CC-BY-NC-ND-4.0","FALSE",""
"PMC11883865","TRUE","TRUE","FALSE","FALSE","TRUE","FALSE","FALSE","FALSE","TRUE","CC-BY-NC-4.0","FALSE",""
"PMC11892484","TRUE","FALSE","FALSE","FALSE","FALSE","FALSE","FALSE",,"TRUE","CC-BY-4.0","FALSE",""
"PMC11893070","FALSE","TRUE","FALSE","FALSE","FALSE","FALSE","FALSE","FALSE","TRUE","CC-BY-NC-ND-4.0","FALSE",""
"PMC11893184","TRUE","TRUE","FALSE","FALSE","FALSE","FALSE","FALSE","FALSE","TRUE","CC-BY-4.0","FALSE",""
"PMC11894981","TRUE","TRUE","FALSE","TRUE","FALSE","FALSE","FALSE","FALSE","TRUE","CC-BY-NC-ND-4.0","FALSE",""
"PMC11895007","TRUE","TRUE","FALSE","FALSE","FALSE","TRUE","FALSE","FALSE","TRUE","CC-BY-NC-ND-4.0","FALSE",""
"PMC11895017","TRUE","TRUE","FALSE","FALSE","FALSE","FALSE","FALSE","FALSE","TRUE","CC-BY-NC-ND-4.0","FALSE",""
"PMC11895020","TRUE","TRUE","FALSE","FALSE","FALSE","TRUE","FALSE","FALSE","TRUE","CC-BY-NC-ND-4.0","FALSE",""
"PMC11895569","TRUE","FALSE","FALSE","FALSE","FALSE","FALSE","FALSE","FALSE","TRUE","CC-BY-NC-ND-4.0","FALSE",""
"PMC11895575","TRUE","TRUE","FALSE","FALSE","FALSE","FALSE","FALSE","FALSE","TRUE","CC-BY-NC-ND-4.0","FALSE",""
"PMC11895580","TRUE","FALSE","FALSE","TRUE","FALSE","FALSE","FALSE","FALSE","TRUE","CC-BY-NC-ND-4.0","FALSE",""
"PMC11895640","TRUE","FALSE","FALSE","TRUE","FALSE","FALSE","FALSE","FALSE","TRUE","CC-BY-NC-ND-4.0","FALSE",""
"PMC11895643","TRUE","TRUE","FALSE","TRUE","FALSE","FALSE","FALSE","FALSE","TRUE","CC-BY-NC-ND-4.0","FALSE",""
"PMC11895664","TRUE","TRUE","FALSE","FALSE","FALSE","FALSE","FALSE","FALSE","TRUE","CC-BY-4.0","FALSE",""
"PMC11895730","TRUE","FALSE","FALSE","FALSE","FALSE","FALSE","FALSE","FALSE","TRUE","CC-BY-4.0","FALSE",""
"PMC11895744","FALSE","FALSE","FALSE","FALSE","FALSE","FALSE","FALSE","FALSE","TRUE","CC-BY-4.0","TRUE","PRISMA"
"PMC11895755","TRUE","TRUE","FALSE","FALSE","FALSE","FALSE","FALSE","FALSE","TRUE","CC-BY-4.0","FALSE",""
"PMC11895869","TRUE","TRUE","FALSE","TRUE","FALSE","FALSE","FALSE","FALSE","TRUE","CC-BY-NC-ND-4.0","FALSE",""
"PMC11895871","TRUE","TRUE","FALSE","FALSE","FALSE","FALSE","FALSE","FALSE","TRUE","CC-BY-NC-ND-4.0","FALSE",""
"PMC11895878","TRUE","FALSE","FALSE","TRUE","FALSE","FALSE","FALSE","FALSE","TRUE","CC-BY-NC-ND-4.0","FALSE",""
"PMC11895885","TRUE","TRUE","FALSE","FALSE","FALSE","FALSE","FALSE","FALSE","TRUE","CC-BY-NC-ND-4.0","FALSE",""
"PMC11895891","TRUE","TRUE","FALSE","FALSE","FALSE","FALSE","FALSE","FALSE","TRUE","CC-BY-NC-ND-4.0","FALSE",""
"PMC11895912","TRUE","FALSE","FALSE","FALSE","FALSE","FALSE","FALSE","FALSE","TRUE","CC-BY-NC-ND-4.0","FALSE",""
"PMC11895922","FALSE","FALSE","FALSE","FALSE","FALSE","FALSE","FALSE","FALSE","TRUE","CC-BY-4.0","FALSE",""
"PMC11895936","TRUE","TRUE","FALSE","FALSE","FALSE","FALSE","FALSE","FALSE","TRUE","CC-BY-NC-ND-4.0","FALSE",""
"PMC11895937","TRUE","TRUE","FALSE","TRUE","FALSE","FALSE","FALSE","FALSE","TRUE","CC-BY-NC-ND-4.0","FALSE",""
"PMC11895965","TRUE","TRUE","FALSE","TRUE","FALSE","FALSE","FALSE","FALSE","TRUE","CC-BY-4.0","FALSE",""
"PMC11895981","TRUE","TRUE","FALSE","TRUE","FALSE","FALSE","FALSE","FALSE","TRUE","CC-BY-4.0","FALSE",""
"PMC11895988","TRUE","TRUE","FALSE","TRUE","FALSE","FALSE","FALSE","FALSE","TRUE","CC-BY-NC-ND-4.0","FALSE",""
"PMC11901661","FALSE","FALSE","FALSE","FALSE","FALSE","FALSE","FALSE",,"TRUE","CC-BY-NC-SA-4.0","FALSE",""
"PMC11906102","TRUE","TRUE","FALSE","TRUE","FALSE","FALSE","FALSE","FALSE","TRUE","CC-BY-NC-SA-4.0","FALSE",""
"PMC11906524","TRUE","TRUE","FALSE","FALSE","TRUE","TRUE","FALSE","FALSE","TRUE","CC-BY-4.0","FALSE",""
"PMC11908561","TRUE","TRUE","FALSE","FALSE","TRUE","FALSE","FALSE","FALSE","TRUE","CC-BY-4.0","FALSE",""
"PMC11909787","TRUE","FALSE","FALSE","TRUE","FALSE","FALSE","FALSE","FALSE","TRUE","CC-BY-4.0","FALSE",""
"PMC11910262","TRUE","TRUE","FALSE","TRUE","FALSE","FALSE","FALSE","FALSE","TRUE","CC-BY-NC-ND-4.0","FALSE",""
"PMC11911971","TRUE","FALSE","FALSE","TRUE","FALSE","FALSE","FALSE","FALSE","TRUE","CC-BY-NC-ND-4.0","FALSE",""
"PMC11912989","TRUE","FALSE","FALSE","FALSE","FALSE","FALSE","FALSE","FALSE","TRUE","CC-BY-NC-ND-4.0","FALSE",""
"PMC11913777","TRUE","TRUE","FALSE","FALSE","FALSE","TRUE","FALSE","FALSE","TRUE","CC-BY-4.0","FALSE",""
"PMC11914344","FALSE","TRUE","FALSE","FALSE","FALSE","FALSE","FALSE","FALSE","TRUE","CC-BY-4.0","FALSE",""
"PMC11914718","TRUE","TRUE","FALSE","FALSE","FALSE","FALSE","FALSE","FALSE","TRUE","CC-BY-NC-4.0","FALSE",""
"PMC11918711","TRUE","TRUE","FALSE","FALSE","FALSE","TRUE","FALSE","FALSE","TRUE","CC-BY-4.0","FALSE",""
"PMC11918804","FALSE","FALSE","FALSE","FALSE","FALSE","FALSE","FALSE","FALSE","TRUE","CC-BY-4.0","FALSE",""
"PMC11918880","TRUE","TRUE","TRUE","TRUE","FALSE","TRUE","TRUE","FALSE","TRUE","CC-BY-4.0","FALSE",""
"PMC11918917","TRUE","TRUE","FALSE","TRUE","FALSE","FALSE","FALSE","FALSE","TRUE","CC-BY-4.0","FALSE",""
"PMC11918920","TRUE","TRUE","FALSE","FALSE","FALSE","FALSE","FALSE","FALSE","TRUE","CC-BY-4.0","FALSE",""
"PMC11918948","TRUE","TRUE","FALSE","FALSE","FALSE","FALSE","FALSE","FALSE","TRUE","CC-BY-4.0","FALSE",""
"PMC11918969","TRUE","TRUE","TRUE","FALSE","FALSE","TRUE","FALSE","FALSE","TRUE","CC-BY-4.0","TRUE","PRISMA"
"PMC11918982","TRUE","FALSE","TRUE","FALSE","FALSE","TRUE","FALSE","FALSE","TRUE","CC-BY-4.0","TRUE","PRISMA"
"PMC11919104","TRUE","FALSE","FALSE","FALSE","FALSE","FALSE","FALSE","FALSE","TRUE","CC-BY-4.0","TRUE","SRQR"
"PMC11919142","TRUE","TRUE","TRUE","FALSE","FALSE","TRUE","FALSE","FALSE","TRUE","CC-BY-4.0","FALSE",""
"PMC11919191","TRUE","FALSE","FALSE","FALSE","FALSE","FALSE","FALSE","FALSE","TRUE","CC-BY-4.0","TRUE","STROBE"
"PMC11919196","TRUE","TRUE","FALSE","TRUE","FALSE","TRUE","FALSE","FALSE","TRUE","CC-BY-4.0","FALSE",""
"PMC11919218","TRUE","TRUE","FALSE","TRUE","FALSE","FALSE","FALSE","FALSE","TRUE","CC-BY-4.0","FALSE",""
"PMC11921832","TRUE","TRUE","TRUE","TRUE","FALSE","FALSE","FALSE","FALSE","TRUE","CC-BY-4.0","TRUE","CONSORT"
"PMC11921850","TRUE","TRUE","FALSE","TRUE","FALSE","FALSE","FALSE","FALSE","TRUE","CC-BY-4.0","FALSE",""
"PMC11921862","TRUE","TRUE","TRUE","FALSE","FALSE","FALSE","FALSE","FALSE","TRUE","CC-BY-4.0","TRUE","PRISMA"
"PMC11923468","TRUE","FALSE","FALSE","FALSE","FALSE","FALSE","FALSE","FALSE","TRUE","CC-BY-NC-ND-4.0","FALSE",""
"PMC11923491","TRUE","FALSE","FALSE","TRUE","FALSE","FALSE","FALSE","FALSE","TRUE","CC-BY-NC-ND-4.0","FALSE",""
"PMC11925626","TRUE","FALSE","FALSE","FALSE","FALSE","FALSE","FALSE","FALSE","TRUE","CC-BY-NC-ND-4.0","FALSE",""
"PMC11925627","TRUE","TRUE","FALSE","TRUE","FALSE","FALSE","FALSE","FALSE","TRUE","CC-BY-NC-ND-4.0","FALSE",""
"PMC11930324","TRUE","TRUE","FALSE","FALSE","FALSE","FALSE","FALSE","FALSE","TRUE","CC-BY-4.0","FALSE",""
"PMC11930335","TRUE","FALSE","FALSE","FALSE","FALSE","FALSE","FALSE","FALSE","TRUE","CC-BY-4.0","FALSE",""
"PMC11930635","TRUE","TRUE","FALSE","TRUE","TRUE","TRUE","TRUE","FALSE","TRUE","CC-BY-4.0","FALSE",""
"PMC11933889","TRUE","FALSE","FALSE","FALSE","FALSE","FALSE","FALSE","FALSE","TRUE","CC-BY-NC-ND-4.0","FALSE",""
"PMC11933890","TRUE","FALSE","FALSE","FALSE","FALSE","FALSE","FALSE","FALSE","TRUE","CC-BY-NC-ND-4.0","FALSE",""
"PMC11934115","TRUE","FALSE","FALSE","FALSE","FALSE","FALSE","FALSE","FALSE","TRUE","CC-BY-NC-ND-4.0","FALSE",""
"PMC11934117","TRUE","FALSE","FALSE","FALSE","FALSE","FALSE","FALSE","FALSE","TRUE","CC-BY-NC-ND-4.0","FALSE",""
"PMC11934986","TRUE","TRUE","FALSE","FALSE","FALSE","FALSE","FALSE","FALSE","TRUE","CC-BY-NC-ND-4.0","FALSE",""
"PMC11935009","TRUE","FALSE","FALSE","FALSE","FALSE","FALSE","FALSE","FALSE","TRUE","CC-BY-NC-ND-4.0","FALSE",""
"PMC11935056","TRUE","TRUE","FALSE","FALSE","FALSE","FALSE","FALSE","FALSE","TRUE","CC-BY-NC-ND-4.0","FALSE",""
"PMC11935123","TRUE","TRUE","FALSE","FALSE","FALSE","FALSE","FALSE","FALSE","TRUE","CC-BY-4.0","FALSE",""
"PMC11935124","TRUE","TRUE","FALSE","FALSE","FALSE","FALSE","FALSE","FALSE","TRUE","CC-BY-4.0","FALSE",""
"PMC11935141","TRUE","TRUE","FALSE","FALSE","FALSE","FALSE","FALSE","FALSE","TRUE","CC-BY-NC-4.0","FALSE",""
"PMC11935200","TRUE","TRUE","FALSE","TRUE","FALSE","FALSE","FALSE","FALSE","TRUE","CC-BY-4.0","FALSE",""
"PMC11935203","TRUE","FALSE","FALSE","FALSE","FALSE","FALSE","FALSE","FALSE","TRUE","CC-BY-NC-ND-4.0","FALSE",""
"PMC11935217","TRUE","TRUE","FALSE","FALSE","FALSE","FALSE","FALSE","FALSE","TRUE","CC-BY-4.0","FALSE",""
"PMC11935335","TRUE","FALSE","FALSE","FALSE","FALSE","FALSE","FALSE","FALSE","TRUE","CC-BY-4.0","FALSE",""
"PMC11935419","TRUE","TRUE","FALSE","TRUE","FALSE","FALSE","FALSE","FALSE","TRUE","CC-BY-4.0","FALSE",""
"PMC11935518","TRUE","FALSE","FALSE","FALSE","FALSE","FALSE","FALSE","FALSE","TRUE","CC-BY-4.0","FALSE",""
"PMC11935830","TRUE","TRUE","FALSE","FALSE","FALSE","FALSE","FALSE","FALSE","TRUE","CC-BY-4.0","FALSE",""
"PMC11935839","TRUE","TRUE","FALSE","TRUE","FALSE","FALSE","FALSE","FALSE","TRUE","CC-BY-4.0","FALSE",""
"PMC11935844","TRUE","TRUE","FALSE","FALSE","FALSE","FALSE","FALSE","FALSE","TRUE","CC-BY-4.0","FALSE",""
"PMC11935848","TRUE","TRUE","FALSE","TRUE","FALSE","FALSE","FALSE","FALSE","TRUE","CC-BY-4.0","FALSE",""
"PMC11935849","TRUE","TRUE","FALSE","FALSE","FALSE","FALSE","FALSE","FALSE","TRUE","CC-BY-4.0","FALSE",""
"PMC11935892","TRUE","TRUE","FALSE","FALSE","FALSE","FALSE","FALSE","FALSE","TRUE","CC-BY-4.0","FALSE",""
"PMC11935898","TRUE","TRUE","FALSE","FALSE","FALSE","FALSE","FALSE","FALSE","TRUE","CC-BY-4.0","FALSE",""
"PMC11935908","TRUE","TRUE","FALSE","FALSE","FALSE","FALSE","FALSE","FALSE","TRUE","CC-BY-4.0","FALSE",""
"PMC11935934","TRUE","TRUE","FALSE","FALSE","FALSE","FALSE","FALSE","FALSE","TRUE","CC-BY-4.0","FALSE",""
"PMC11935982","TRUE","TRUE","FALSE","FALSE","FALSE","FALSE","FALSE","FALSE","TRUE","CC-BY-4.0","FALSE",""
"PMC11938098","TRUE","FALSE","FALSE","FALSE","FALSE","FALSE","FALSE","FALSE","TRUE","CC-BY-NC-ND-4.0","FALSE",""
"PMC11946970","TRUE","TRUE","TRUE","FALSE","FALSE","FALSE","FALSE","FALSE","TRUE","CC-BY-4.0","FALSE",""
"PMC11949617","TRUE","TRUE","FALSE","FALSE","FALSE","TRUE","TRUE","FALSE","TRUE","CC-BY-4.0","FALSE",""
"PMC11952697","TRUE","TRUE","FALSE","TRUE","FALSE","TRUE","FALSE","FALSE","TRUE","CC-BY-4.0","FALSE",""
"PMC11954727","FALSE","FALSE","FALSE","FALSE","FALSE","FALSE","FALSE","FALSE","TRUE","CC-BY-NC-4.0","FALSE",""
"PMC11955024","TRUE","TRUE","FALSE","FALSE","FALSE","TRUE","FALSE","FALSE","TRUE","CC-BY-NC-ND-4.0","FALSE",""
"PMC11955033","TRUE","TRUE","FALSE","TRUE","FALSE","FALSE","FALSE","FALSE","TRUE","CC-BY-NC-ND-4.0","FALSE",""
"PMC11956003","TRUE","TRUE","FALSE","TRUE","FALSE","TRUE","TRUE","FALSE","TRUE","CC-BY-NC-ND-4.0","FALSE",""
"PMC11956773","TRUE","TRUE","FALSE","FALSE","FALSE","FALSE","FALSE","FALSE","TRUE","CC-BY-4.0","FALSE",""
"PMC11956776","TRUE","TRUE","FALSE","FALSE","FALSE","FALSE","FALSE","FALSE","TRUE","CC-BY-4.0","FALSE",""
"PMC11959284","TRUE","FALSE","FALSE","FALSE","FALSE","FALSE","FALSE","FALSE","TRUE","CC-BY-NC-ND-4.0","FALSE",""
"PMC11960221","TRUE","TRUE","FALSE","FALSE","FALSE","FALSE","FALSE","FALSE","TRUE","CC-BY-4.0","FALSE",""
"PMC11960224","TRUE","TRUE","FALSE","FALSE","FALSE","FALSE","FALSE","FALSE","TRUE","CC-BY-4.0","FALSE",""
"PMC11960226","TRUE","FALSE","FALSE","TRUE","FALSE","FALSE","FALSE","FALSE","TRUE","CC-BY-4.0","FALSE",""
"PMC11960231","TRUE","TRUE","FALSE","FALSE","FALSE","TRUE","FALSE","FALSE","TRUE","CC-BY-4.0","FALSE",""
"PMC11960248","TRUE","FALSE","FALSE","FALSE","FALSE","FALSE","FALSE","FALSE","TRUE","CC-BY-4.0","FALSE",""
"PMC11960311","FALSE","FALSE","FALSE","FALSE","FALSE","FALSE","FALSE","FALSE","TRUE","CC-BY-4.0","FALSE",""
"PMC11960348","TRUE","FALSE","FALSE","FALSE","FALSE","FALSE","FALSE","FALSE","TRUE","CC-BY-4.0","FALSE",""
"PMC11960358","TRUE","TRUE","TRUE","TRUE","FALSE","FALSE","FALSE","FALSE","TRUE","CC-BY-4.0","TRUE","CONSORT"
"PMC11960371","TRUE","TRUE","TRUE","FALSE","FALSE","FALSE","FALSE","FALSE","TRUE","CC-BY-4.0","FALSE",""
"PMC11960377","TRUE","FALSE","FALSE","FALSE","FALSE","FALSE","FALSE","FALSE","TRUE","CC-BY-4.0","FALSE",""
"PMC11960392","TRUE","FALSE","FALSE","TRUE","FALSE","FALSE","FALSE","FALSE","TRUE","CC-BY-4.0","FALSE",""
"PMC11960397","TRUE","TRUE","FALSE","FALSE","FALSE","FALSE","FALSE","FALSE","TRUE","CC-BY-4.0","FALSE",""
"PMC11960816","TRUE","TRUE","FALSE","FALSE","FALSE","TRUE","TRUE","FALSE","TRUE","CC-BY-4.0","FALSE",""
"PMC11961222","TRUE","TRUE","FALSE","FALSE","FALSE","FALSE","FALSE","FALSE","TRUE","CC-BY-4.0","FALSE",""
"PMC11961449","TRUE","FALSE","FALSE","FALSE","FALSE","FALSE","FALSE","FALSE","TRUE","CC-BY-NC-ND-4.0","FALSE",""
"PMC11961451","TRUE","FALSE","FALSE","FALSE","FALSE","FALSE","FALSE","FALSE","TRUE","CC-BY-NC-ND-4.0","FALSE",""
"PMC11962182","TRUE","FALSE","FALSE","FALSE","FALSE","FALSE","FALSE","FALSE","TRUE","CC-BY-NC-ND-4.0","FALSE",""
"PMC11964832","TRUE","TRUE","FALSE","FALSE","TRUE","TRUE","FALSE","FALSE","TRUE","CC-BY-NC-ND-4.0","FALSE",""
"PMC11966127","TRUE","FALSE","FALSE","FALSE","FALSE","FALSE","FALSE","FALSE","TRUE","CC-BY-NC-ND-4.0","FALSE",""
"PMC11966207","TRUE","FALSE","FALSE","FALSE","FALSE","FALSE","FALSE","FALSE","TRUE","CC-BY-NC-ND-4.0","FALSE",""
"PMC11967109","TRUE","FALSE","FALSE","FALSE","FALSE","FALSE","FALSE","FALSE","TRUE","CC-BY-NC-4.0","TRUE","STROBE"
"PMC11967510","TRUE","FALSE","FALSE","FALSE","FALSE","FALSE","FALSE","FALSE","TRUE","CC-BY-NC-4.0","FALSE",""
"PMC11967537","TRUE","FALSE","FALSE","FALSE","FALSE","FALSE","FALSE","FALSE","TRUE","CC-BY-NC-4.0","FALSE",""
"PMC11967542","TRUE","TRUE","FALSE","FALSE","FALSE","FALSE","FALSE","FALSE","TRUE","CC-BY-NC-4.0","FALSE",""
"PMC11967552","TRUE","TRUE","FALSE","FALSE","FALSE","FALSE","FALSE","FALSE","TRUE","CC-BY-NC-4.0","FALSE",""
"PMC11967958","TRUE","FALSE","FALSE","FALSE","FALSE","FALSE","FALSE","FALSE","TRUE","CC-BY-NC-ND-4.0","FALSE",""
"PMC11968130","TRUE","FALSE","FALSE","FALSE","FALSE","FALSE","FALSE","FALSE","TRUE","CC-BY-NC-ND-4.0","FALSE",""
"PMC11968453","TRUE","TRUE","FALSE","FALSE","FALSE","FALSE","FALSE","FALSE","TRUE","CC-BY-4.0","FALSE",""
"PMC11969227","TRUE","FALSE","FALSE","FALSE","FALSE","FALSE","FALSE","FALSE","TRUE","CC-BY-NC-ND-4.0","FALSE",""
"PMC11969229","TRUE","FALSE","FALSE","FALSE","FALSE","FALSE","FALSE","FALSE","TRUE","CC-BY-NC-ND-4.0","FALSE",""
"PMC11969362","TRUE","FALSE","FALSE","FALSE","FALSE","FALSE","FALSE","FALSE","TRUE","CC-BY-NC-ND-4.0","FALSE",""
"PMC11969682","FALSE","TRUE","FALSE","FALSE","FALSE","TRUE","FALSE","FALSE","TRUE","CC-BY-4.0","FALSE",""
"PMC11969862","TRUE","FALSE","FALSE","FALSE","FALSE","FALSE","FALSE","FALSE","TRUE","CC-BY-NC-4.0","FALSE",""
"PMC11970726","TRUE","FALSE","FALSE","FALSE","FALSE","FALSE","FALSE","FALSE","TRUE","CC-BY-NC-ND-4.0","FALSE",""
"PMC11970933","TRUE","FALSE","FALSE","FALSE","FALSE","FALSE","FALSE","FALSE","TRUE","CC-BY-NC-ND-4.0","FALSE",""
"PMC11973664","TRUE","FALSE","TRUE","TRUE","FALSE","FALSE","FALSE","FALSE","TRUE","CC-BY-NC-ND-4.0","FALSE",""
"PMC11974630","TRUE","FALSE","FALSE","TRUE","FALSE","FALSE","FALSE","FALSE","TRUE","CC-BY-NC-ND-4.0","FALSE",""
"PMC11975680","TRUE","FALSE","FALSE","FALSE","FALSE","FALSE","FALSE","FALSE","TRUE","CC-BY-NC-ND-4.0","FALSE",""
"PMC11975686","TRUE","FALSE","FALSE","FALSE","FALSE","FALSE","FALSE","FALSE","TRUE","CC-BY-NC-ND-4.0","FALSE",""
"PMC11975691","TRUE","TRUE","FALSE","FALSE","FALSE","FALSE","FALSE","FALSE","TRUE","CC-BY-NC-ND-4.0","FALSE",""
"PMC11975693","TRUE","TRUE","FALSE","FALSE","FALSE","FALSE","FALSE","FALSE","TRUE","CC-BY-4.0","FALSE",""
"PMC11975703","TRUE","TRUE","TRUE","FALSE","FALSE","FALSE","FALSE","FALSE","TRUE","CC-BY-NC-ND-4.0","TRUE","CONSORT"
"PMC11975715","TRUE","FALSE","FALSE","FALSE","FALSE","FALSE","FALSE","FALSE","TRUE","CC-BY-NC-ND-4.0","FALSE",""
"PMC11975736","TRUE","FALSE","FALSE","FALSE","FALSE","FALSE","FALSE","FALSE","TRUE","CC-BY-NC-ND-4.0","FALSE",""
"PMC11975737","TRUE","TRUE","FALSE","FALSE","FALSE","FALSE","FALSE","FALSE","TRUE","CC-BY-NC-ND-4.0","FALSE",""
"PMC11975748","TRUE","FALSE","FALSE","TRUE","FALSE","FALSE","FALSE","FALSE","TRUE","CC-BY-NC-ND-4.0","FALSE",""
"PMC11976328","TRUE","FALSE","FALSE","TRUE","FALSE","FALSE","FALSE","FALSE","TRUE","CC-BY-4.0","FALSE",""
"PMC11977521","TRUE","TRUE","FALSE","FALSE","FALSE","TRUE","FALSE","FALSE","TRUE","CC-BY-NC-ND-4.0","FALSE",""
"PMC11977597","TRUE","TRUE","FALSE","TRUE","FALSE","FALSE","FALSE","FALSE","TRUE","CC-BY-NC-ND-4.0","FALSE",""
"PMC11977808","TRUE","TRUE","FALSE","FALSE","FALSE","FALSE","FALSE","FALSE","TRUE","CC-BY-4.0","FALSE",""
"PMC11977835","TRUE","TRUE","FALSE","FALSE","FALSE","TRUE","TRUE","FALSE","TRUE","CC-BY-4.0","FALSE",""
"PMC11978228","TRUE","TRUE","FALSE","TRUE","FALSE","FALSE","FALSE","FALSE","TRUE","CC-BY-NC-ND-4.0","FALSE",""
"PMC11980726","TRUE","FALSE","FALSE","FALSE","FALSE","FALSE","FALSE","TRUE","TRUE","CC-BY-NC-SA-4.0","FALSE",""
"PMC11980727","TRUE","FALSE","FALSE","FALSE","FALSE","FALSE","FALSE","TRUE","TRUE","CC-BY-NC-SA-4.0","FALSE",""
"PMC11997494","TRUE","TRUE","FALSE","FALSE","FALSE","FALSE","FALSE","FALSE","TRUE","CC-BY-4.0","FALSE",""
"PMC11999323","TRUE","TRUE","FALSE","TRUE","FALSE","FALSE","FALSE","FALSE","TRUE","CC-BY-4.0","FALSE",""
"PMC12000262","TRUE","FALSE","FALSE","FALSE","FALSE","FALSE","FALSE","FALSE","TRUE","CC-BY-4.0","FALSE",""
"PMC12005430","TRUE","TRUE","FALSE","FALSE","FALSE","FALSE","FALSE","FALSE","TRUE","CC-BY-NC-4.0","FALSE",""
"PMC12005438","TRUE","TRUE","FALSE","TRUE","FALSE","FALSE","FALSE","FALSE","TRUE","CC-BY-4.0","FALSE",""
"PMC12007512","TRUE","TRUE","TRUE","FALSE","FALSE","FALSE","FALSE","FALSE","TRUE","CC-BY-4.0","TRUE","PRISMA"
"PMC12007518","TRUE","TRUE","FALSE","FALSE","FALSE","FALSE","TRUE","FALSE","TRUE","CC-BY-4.0","FALSE",""
"PMC12007536","TRUE","TRUE","FALSE","TRUE","FALSE","TRUE","TRUE","FALSE","TRUE","CC-BY-4.0","FALSE",""
"PMC12007538","TRUE","TRUE","FALSE","FALSE","FALSE","FALSE","FALSE","FALSE","TRUE","CC-BY-4.0","TRUE","ARRIVE"
"PMC12007540","TRUE","TRUE","FALSE","TRUE","FALSE","TRUE","FALSE","FALSE","TRUE","CC-BY-4.0","FALSE",""
"PMC12010907","FALSE","TRUE","FALSE","FALSE","FALSE","FALSE","FALSE","FALSE","TRUE","CC-BY-NC-ND-4.0","FALSE",""
"PMC12013856","TRUE","TRUE","FALSE","FALSE","FALSE","FALSE","FALSE","FALSE","TRUE","CC-BY-NC-ND-4.0","FALSE",""
"PMC12016699","TRUE","TRUE","FALSE","FALSE","FALSE","FALSE","FALSE","FALSE","TRUE","CC-BY-4.0","FALSE",""
"PMC12016701","TRUE","TRUE","FALSE","FALSE","FALSE","FALSE","FALSE","FALSE","TRUE","CC-BY-4.0","FALSE",""
"PMC12016806","TRUE","TRUE","FALSE","TRUE","FALSE","TRUE","FALSE","FALSE","TRUE","CC-BY-4.0","FALSE",""
"PMC12016835","TRUE","TRUE","FALSE","TRUE","FALSE","TRUE","FALSE","FALSE","TRUE","CC-BY-4.0","FALSE",""
"PMC12016840","TRUE","TRUE","FALSE","FALSE","FALSE","FALSE","FALSE","FALSE","TRUE","CC-BY-4.0","FALSE",""
"PMC12016877","TRUE","TRUE","FALSE","TRUE","FALSE","TRUE","FALSE","FALSE","TRUE","CC-BY-4.0","FALSE",""
"PMC12016879","TRUE","TRUE","FALSE","FALSE","FALSE","FALSE","FALSE","FALSE","TRUE","CC-BY-4.0","FALSE",""
"PMC12016915","TRUE","TRUE","FALSE","FALSE","FALSE","TRUE","FALSE","FALSE","TRUE","CC-BY-4.0","FALSE",""
"PMC12016957","TRUE","FALSE","FALSE","FALSE","FALSE","FALSE","FALSE","FALSE","TRUE","CC-BY-4.0","FALSE",""
"PMC12017016","TRUE","TRUE","FALSE","FALSE","FALSE","TRUE","FALSE","FALSE","TRUE","CC-BY-4.0","FALSE",""
"PMC12017027","TRUE","FALSE","FALSE","FALSE","FALSE","FALSE","FALSE","FALSE","TRUE","CC-BY-4.0","FALSE",""
"PMC12017036","TRUE","TRUE","FALSE","FALSE","FALSE","FALSE","FALSE","FALSE","TRUE","CC-BY-4.0","FALSE",""
"PMC12017062","TRUE","TRUE","FALSE","FALSE","FALSE","TRUE","FALSE","FALSE","TRUE","CC-BY-4.0","FALSE",""
"PMC12017086","TRUE","TRUE","TRUE","FALSE","FALSE","FALSE","FALSE","FALSE","TRUE","CC-BY-4.0","FALSE",""
"PMC12017108","TRUE","TRUE","FALSE","TRUE","FALSE","FALSE","FALSE","FALSE","TRUE","CC-BY-4.0","FALSE",""
"PMC12017137","TRUE","TRUE","FALSE","FALSE","FALSE","FALSE","FALSE","FALSE","TRUE","CC-BY-4.0","TRUE","PRISMA"
"PMC12017139","TRUE","TRUE","FALSE","TRUE","FALSE","TRUE","FALSE","FALSE","TRUE","CC-BY-4.0","FALSE",""
"PMC12017147","TRUE","TRUE","FALSE","FALSE","FALSE","TRUE","FALSE","FALSE","TRUE","CC-BY-4.0","FALSE",""
"PMC12017173","TRUE","TRUE","TRUE","TRUE","FALSE","FALSE","FALSE","FALSE","TRUE","CC-BY-4.0","FALSE",""
"PMC12017174","TRUE","TRUE","FALSE","TRUE","TRUE","FALSE","FALSE","FALSE","TRUE","CC-BY-4.0","FALSE",""
"PMC12017199","TRUE","TRUE","FALSE","TRUE","FALSE","TRUE","FALSE","FALSE","TRUE","CC-BY-4.0","FALSE",""
"PMC12017207","TRUE","TRUE","FALSE","FALSE","FALSE","FALSE","FALSE","FALSE","TRUE","CC-BY-4.0","FALSE",""
"PMC12017210","TRUE","TRUE","FALSE","FALSE","FALSE","FALSE","FALSE","FALSE","TRUE","CC-BY-4.0","FALSE",""
"PMC12017213","TRUE","TRUE","FALSE","FALSE","FALSE","TRUE","FALSE","FALSE","TRUE","CC-BY-4.0","FALSE",""
"PMC12017226","TRUE","TRUE","FALSE","FALSE","FALSE","FALSE","FALSE","FALSE","TRUE","CC-BY-4.0","FALSE",""
"PMC12021522","TRUE","FALSE","FALSE","FALSE","FALSE","FALSE","FALSE","FALSE","TRUE","CC-BY-NC-4.0","FALSE",""
"PMC12022372","TRUE","TRUE","FALSE","FALSE","FALSE","FALSE","FALSE","FALSE","TRUE","CC-BY-4.0","FALSE",""
"PMC12033753","TRUE","TRUE","FALSE","TRUE","FALSE","TRUE","FALSE","FALSE","TRUE","CC-BY-4.0","FALSE",""
"PMC12035092","TRUE","FALSE","FALSE","FALSE","FALSE","FALSE","FALSE","FALSE","TRUE","CC-BY-NC-4.0","FALSE",""
"PMC12035274","TRUE","FALSE","FALSE","FALSE","FALSE","FALSE","FALSE","FALSE","TRUE","CC-BY-NC-4.0","TRUE","STROCSS"
"PMC12036226","TRUE","TRUE","FALSE","FALSE","FALSE","FALSE","TRUE","TRUE","TRUE","CC-BY-4.0","FALSE",""
"PMC12036792","TRUE","TRUE","FALSE","FALSE","TRUE","FALSE","FALSE","FALSE","TRUE","CC-BY-NC-ND-4.0","FALSE",""
"PMC12038110","TRUE","FALSE","FALSE","FALSE","FALSE","FALSE","FALSE","FALSE","TRUE","CC-BY-NC-4.0","FALSE",""
"PMC12038123","TRUE","TRUE","FALSE","TRUE","FALSE","TRUE","FALSE","FALSE","TRUE","CC-BY-4.0","FALSE",""
"PMC12038137","TRUE","FALSE","FALSE","FALSE","FALSE","FALSE","FALSE","FALSE","TRUE","CC-BY-NC-4.0","FALSE",""
"PMC12039543","TRUE","FALSE","FALSE","FALSE","FALSE","FALSE","FALSE","FALSE","TRUE","CC-BY-4.0","FALSE",""
"PMC12039549","TRUE","FALSE","FALSE","FALSE","FALSE","FALSE","FALSE","FALSE","TRUE","CC-BY-4.0","FALSE",""
"PMC12039580","TRUE","FALSE","FALSE","FALSE","FALSE","FALSE","FALSE","FALSE","TRUE","CC-BY-4.0","FALSE",""
"PMC12039611","TRUE","FALSE","FALSE","FALSE","FALSE","FALSE","FALSE","FALSE","TRUE","CC-BY-4.0","FALSE",""
"PMC12039727","TRUE","FALSE","FALSE","FALSE","FALSE","FALSE","FALSE","FALSE","TRUE","CC-BY-4.0","FALSE",""
"PMC12039739","TRUE","TRUE","FALSE","FALSE","FALSE","FALSE","FALSE","FALSE","TRUE","CC-BY-4.0","FALSE",""
"PMC12039743","TRUE","FALSE","FALSE","FALSE","FALSE","FALSE","FALSE","FALSE","TRUE","CC-BY-4.0","FALSE",""
"PMC12039747","TRUE","FALSE","FALSE","TRUE","FALSE","FALSE","FALSE","FALSE","TRUE","CC-BY-4.0","FALSE",""
"PMC12039749","TRUE","FALSE","FALSE","FALSE","FALSE","FALSE","FALSE","FALSE","TRUE","CC-BY-4.0","FALSE",""
"PMC12041412","TRUE","FALSE","FALSE","FALSE","FALSE","FALSE","FALSE","FALSE","TRUE","CC-BY-NC-4.0","FALSE",""
"PMC12042779","FALSE","FALSE","FALSE","FALSE","FALSE","FALSE","FALSE","FALSE","TRUE","CC-BY-NC-ND-4.0","FALSE",""
"PMC12043786","TRUE","TRUE","FALSE","FALSE","FALSE","FALSE","FALSE","FALSE","TRUE","CC-BY-4.0","FALSE",""
"PMC12044217","TRUE","TRUE","FALSE","TRUE","FALSE","FALSE","FALSE","FALSE","TRUE","CC-BY-4.0","TRUE","PRISMA"
"PMC12044218","TRUE","FALSE","FALSE","TRUE","FALSE","TRUE","TRUE","FALSE","TRUE","CC-BY-4.0","FALSE",""
"PMC12045479","TRUE","TRUE","FALSE","FALSE","FALSE","FALSE","FALSE","FALSE","TRUE","CC-BY-NC-ND-4.0","FALSE",""
"PMC12053891","TRUE","FALSE","FALSE","FALSE","FALSE","FALSE","FALSE","FALSE","TRUE","CC-BY-4.0","FALSE",""
"PMC12054449","TRUE","FALSE","FALSE","TRUE","FALSE","FALSE","FALSE","FALSE","TRUE","CC-BY-NC-ND-4.0","FALSE",""
"PMC12054530","TRUE","TRUE","FALSE","TRUE","TRUE","TRUE","FALSE","FALSE","TRUE","CC-BY-NC-ND-4.0","FALSE",""
"PMC12062613","TRUE","FALSE","FALSE","FALSE","FALSE","FALSE","FALSE","FALSE","TRUE","CC-BY-NC-4.0","FALSE",""
"PMC12062620","TRUE","TRUE","FALSE","FALSE","FALSE","FALSE","FALSE","FALSE","TRUE","CC-BY-4.0","FALSE",""
"PMC12063937","TRUE","FALSE","FALSE","FALSE","FALSE","FALSE","FALSE","FALSE","TRUE","CC-BY-NC-SA-4.0","FALSE",""
"PMC12064855","TRUE","FALSE","FALSE","FALSE","FALSE","FALSE","FALSE","FALSE","TRUE","CC-BY-4.0","FALSE",""
"PMC12066326","TRUE","TRUE","FALSE","FALSE","FALSE","TRUE","FALSE","FALSE","TRUE","CC-BY-NC-ND-4.0","FALSE",""
"PMC12066838","TRUE","TRUE","FALSE","FALSE","FALSE","FALSE","FALSE","FALSE","TRUE","CC-BY-NC-4.0","FALSE",""
"PMC12066840","TRUE","TRUE","FALSE","FALSE","FALSE","FALSE","FALSE","FALSE","TRUE","CC-BY-NC-4.0","FALSE",""
"PMC12068903","FALSE","FALSE","FALSE","FALSE","FALSE","FALSE","TRUE","FALSE","TRUE","CC-BY-4.0","FALSE",""
"PMC12069503","TRUE","TRUE","FALSE","FALSE","FALSE","FALSE","FALSE","FALSE","TRUE","CC-BY-4.0","FALSE",""
"PMC12075881","TRUE","FALSE","FALSE","FALSE","FALSE","FALSE","FALSE","FALSE","TRUE","CC-BY-4.0","FALSE",""
"PMC12077556","TRUE","TRUE","FALSE","FALSE","FALSE","FALSE","FALSE","FALSE","TRUE","CC-BY-NC-ND-4.0","FALSE",""
"PMC12078089","TRUE","FALSE","FALSE","FALSE","FALSE","FALSE","FALSE","FALSE","TRUE","CC-BY-NC-ND-4.0","FALSE",""
"PMC12078109","TRUE","FALSE","FALSE","FALSE","FALSE","FALSE","FALSE","FALSE","TRUE","CC-BY-NC-ND-4.0","FALSE",""
"PMC12078111","TRUE","FALSE","FALSE","FALSE","FALSE","FALSE","FALSE","FALSE","TRUE","CC-BY-NC-ND-4.0","FALSE",""
"PMC12080600","FALSE","FALSE","FALSE","FALSE","FALSE","FALSE","FALSE","FALSE","TRUE","CC-BY-4.0","FALSE",""
"PMC12080605","TRUE","TRUE","FALSE","FALSE","FALSE","FALSE","FALSE","FALSE","TRUE","CC-BY-4.0","FALSE",""
"PMC12080669","FALSE","FALSE","FALSE","FALSE","FALSE","FALSE","FALSE","FALSE","TRUE","CC-BY-4.0","FALSE",""
"PMC12082135","TRUE","TRUE","FALSE","FALSE","FALSE","FALSE","FALSE","FALSE","TRUE","CC-BY-NC-ND-4.0","FALSE",""
"PMC12082139","TRUE","FALSE","FALSE","FALSE","FALSE","FALSE","FALSE","FALSE","TRUE","CC-BY-NC-ND-4.0","FALSE",""
"PMC12082144","TRUE","FALSE","FALSE","FALSE","FALSE","FALSE","FALSE","FALSE","TRUE","CC-BY-NC-ND-4.0","FALSE",""
"PMC12082158","TRUE","TRUE","FALSE","FALSE","FALSE","FALSE","FALSE","FALSE","TRUE","CC-BY-NC-ND-4.0","FALSE",""
"PMC12087331","TRUE","FALSE","FALSE","FALSE","FALSE","TRUE","FALSE","FALSE","TRUE","CC-BY-NC-SA-4.0","FALSE",""
"PMC12089671","TRUE","TRUE","FALSE","FALSE","FALSE","FALSE","FALSE","FALSE","TRUE","CC-BY-4.0","FALSE",""
"PMC12092034","TRUE","FALSE","FALSE","FALSE","FALSE","FALSE","FALSE","FALSE","TRUE","CC-BY-4.0","FALSE",""
"PMC12093542","TRUE","FALSE","FALSE","FALSE","FALSE","FALSE","FALSE","FALSE","TRUE","CC-BY-NC-4.0","FALSE",""
"PMC12093544","TRUE","FALSE","FALSE","FALSE","FALSE","FALSE","FALSE","FALSE","TRUE","CC-BY-NC-4.0","FALSE",""
"PMC12093545","TRUE","FALSE","FALSE","FALSE","FALSE","FALSE","FALSE","FALSE","TRUE","CC-BY-NC-4.0","FALSE",""
"PMC12093570","TRUE","FALSE","FALSE","FALSE","FALSE","FALSE","FALSE","FALSE","TRUE","CC-BY-NC-4.0","FALSE",""
"PMC12093571","TRUE","FALSE","FALSE","FALSE","FALSE","FALSE","FALSE","FALSE","TRUE","CC-BY-NC-4.0","FALSE",""
"PMC12093576","TRUE","TRUE","FALSE","FALSE","FALSE","FALSE","FALSE","FALSE","TRUE","CC-BY-NC-4.0","FALSE",""
"PMC12093635","TRUE","FALSE","FALSE","FALSE","FALSE","FALSE","FALSE","FALSE","TRUE","CC-BY-NC-4.0","FALSE",""
"PMC12094008","TRUE","FALSE","FALSE","FALSE","FALSE","FALSE","FALSE","FALSE","TRUE","CC-BY-NC-4.0","FALSE",""
"PMC12094335","TRUE","TRUE","FALSE","FALSE","FALSE","FALSE","FALSE","FALSE","TRUE","CC-BY-NC-ND-4.0","FALSE",""
"PMC12094355","TRUE","FALSE","FALSE","FALSE","FALSE","FALSE","FALSE","FALSE","TRUE","CC-BY-NC-ND-4.0","FALSE",""
"PMC12095883","TRUE","FALSE","TRUE","TRUE","FALSE","FALSE","FALSE","FALSE","TRUE","CC-BY-4.0","TRUE","PRISMA"
"PMC12096397","TRUE","FALSE","FALSE","TRUE","FALSE","FALSE","FALSE","FALSE","TRUE","CC-BY-NC-ND-4.0","FALSE",""
"PMC12096402","TRUE","FALSE","FALSE","FALSE","FALSE","FALSE","FALSE","FALSE","TRUE","CC-BY-NC-ND-4.0","FALSE",""
"PMC12096404","TRUE","FALSE","FALSE","FALSE","FALSE","FALSE","FALSE","FALSE","TRUE","CC-BY-NC-ND-4.0","FALSE",""
"PMC12097190","TRUE","FALSE","TRUE","FALSE","TRUE","FALSE","FALSE","FALSE","TRUE","CC-BY-NC-ND-4.0","FALSE",""
"PMC12097317","TRUE","FALSE","FALSE","FALSE","FALSE","FALSE","FALSE","TRUE","TRUE","CC-BY-NC-ND-4.0","FALSE",""
"PMC12097349","TRUE","FALSE","FALSE","FALSE","FALSE","FALSE","FALSE","FALSE","TRUE","CC-BY-NC-ND-4.0","FALSE",""
"PMC12097376","TRUE","FALSE","FALSE","FALSE","FALSE","FALSE","FALSE","TRUE","TRUE","CC-BY-NC-ND-4.0","FALSE",""
"PMC12097378","TRUE","FALSE","FALSE","FALSE","FALSE","FALSE","FALSE","TRUE","TRUE","CC-BY-NC-ND-4.0","FALSE",""
"PMC12097405","TRUE","FALSE","FALSE","FALSE","FALSE","FALSE","FALSE","TRUE","TRUE","CC-BY-NC-ND-4.0","FALSE",""
"PMC12097408","TRUE","FALSE","FALSE","TRUE","FALSE","FALSE","FALSE","TRUE","TRUE","CC-BY-NC-ND-4.0","FALSE",""
"PMC12101483","FALSE","TRUE","FALSE","TRUE","FALSE","FALSE","FALSE","FALSE","TRUE","CC-BY-NC-ND-4.0","FALSE",""
"PMC12105909","TRUE","TRUE","FALSE","TRUE","TRUE","TRUE","FALSE","FALSE","TRUE","CC-BY-4.0","FALSE",""
"PMC12110471","TRUE","TRUE","FALSE","FALSE","FALSE","FALSE","FALSE","FALSE","TRUE","CC-BY-NC-ND-4.0","FALSE",""
"PMC12110512","TRUE","TRUE","FALSE","FALSE","FALSE","FALSE","FALSE","FALSE","TRUE","CC-BY-NC-ND-4.0","FALSE",""
"PMC12110516","TRUE","FALSE","FALSE","FALSE","FALSE","FALSE","FALSE","FALSE","TRUE","CC-BY-NC-ND-4.0","FALSE",""
"PMC12110521","TRUE","FALSE","FALSE","FALSE","FALSE","FALSE","FALSE","FALSE","TRUE","CC-BY-NC-ND-4.0","FALSE",""
"PMC12115278","TRUE","TRUE","FALSE","TRUE","TRUE","FALSE","FALSE","FALSE","TRUE","CC-BY-NC-ND-4.0","FALSE",""
"PMC12118188","TRUE","TRUE","FALSE","TRUE","FALSE","FALSE","FALSE","FALSE","TRUE","CC-BY-4.0","FALSE",""
"PMC12118197","TRUE","TRUE","FALSE","FALSE","FALSE","FALSE","FALSE","FALSE","TRUE","CC-BY-4.0","FALSE",""
"PMC12118207","TRUE","FALSE","FALSE","FALSE","FALSE","FALSE","FALSE","FALSE","TRUE","CC-BY-4.0","FALSE",""
"PMC12118249","TRUE","TRUE","FALSE","FALSE","FALSE","TRUE","FALSE","FALSE","TRUE","CC-BY-4.0","FALSE",""
"PMC12118273","TRUE","TRUE","FALSE","FALSE","FALSE","FALSE","FALSE","FALSE","TRUE","CC-BY-4.0","FALSE",""
"PMC12118286","TRUE","TRUE","FALSE","FALSE","FALSE","FALSE","FALSE","FALSE","TRUE","CC-BY-4.0","FALSE",""
"PMC12118742","TRUE","TRUE","TRUE","FALSE","FALSE","FALSE","FALSE","FALSE","TRUE","CC-BY-4.0","FALSE",""
"PMC12120952","TRUE","FALSE","FALSE","FALSE","FALSE","FALSE","FALSE","FALSE","TRUE","CC-BY-NC-SA-4.0","FALSE",""
"PMC12120968","TRUE","TRUE","FALSE","FALSE","FALSE","FALSE","FALSE","FALSE","TRUE","CC-BY-NC-ND-4.0","FALSE",""
"PMC12128795","FALSE","FALSE","FALSE","FALSE","FALSE","FALSE","FALSE","FALSE","TRUE","CC-BY-NC-ND-4.0","FALSE",""
"PMC12130595","TRUE","TRUE","FALSE","TRUE","FALSE","TRUE","TRUE","FALSE","TRUE","CC-BY-NC-4.0","FALSE",""
"PMC12135703","TRUE","TRUE","FALSE","FALSE","TRUE","FALSE","TRUE","FALSE","TRUE","CC-BY-4.0","FALSE",""
"PMC12136242","TRUE","TRUE","TRUE","FALSE","FALSE","FALSE","FALSE","FALSE","TRUE","CC-BY-4.0","TRUE","CONSORT"
"PMC12136254","TRUE","FALSE","FALSE","FALSE","FALSE","FALSE","FALSE","FALSE","TRUE","CC-BY-NC-ND-4.0","FALSE",""
"PMC12136256","TRUE","FALSE","FALSE","FALSE","FALSE","FALSE","FALSE","FALSE","TRUE","CC-BY-NC-ND-4.0","FALSE",""
"PMC12136269","TRUE","FALSE","FALSE","TRUE","FALSE","FALSE","FALSE","FALSE","TRUE","CC-BY-4.0","FALSE",""
"PMC12136278","TRUE","TRUE","FALSE","FALSE","FALSE","FALSE","FALSE","FALSE","TRUE","CC-BY-4.0","FALSE",""
"PMC12142729","TRUE","TRUE","FALSE","TRUE","FALSE","FALSE","TRUE","FALSE","TRUE","CC-BY-4.0","FALSE",""
"PMC12145465","TRUE","TRUE","FALSE","FALSE","FALSE","FALSE","FALSE","FALSE","TRUE","CC-BY-NC-4.0","FALSE",""
"PMC12145482","TRUE","TRUE","FALSE","FALSE","FALSE","FALSE","FALSE","FALSE","TRUE","CC-BY-NC-4.0","TRUE","COREQ"
"PMC12149457","TRUE","TRUE","FALSE","TRUE","FALSE","FALSE","FALSE","FALSE","TRUE","CC-BY-4.0","FALSE",""
"PMC12162091","TRUE","TRUE","FALSE","FALSE","FALSE","FALSE","FALSE","FALSE","TRUE","CC-BY-4.0","FALSE",""
"PMC12166864","TRUE","TRUE","FALSE","FALSE","FALSE","FALSE","FALSE","FALSE","TRUE","CC-BY-NC-ND-4.0","FALSE",""
"PMC12166908","TRUE","TRUE","FALSE","FALSE","FALSE","FALSE","FALSE","FALSE","TRUE","CC-BY-NC-ND-4.0","FALSE",""
"PMC12166915","TRUE","TRUE","FALSE","TRUE","FALSE","FALSE","FALSE","FALSE","TRUE","CC-BY-NC-ND-4.0","FALSE",""
"PMC12166925","TRUE","FALSE","FALSE","FALSE","FALSE","FALSE","FALSE","FALSE","TRUE","CC-BY-NC-ND-4.0","FALSE",""
"PMC12167863","TRUE","TRUE","FALSE","FALSE","FALSE","FALSE","FALSE","FALSE","TRUE","CC-BY-NC-ND-4.0","FALSE",""
"PMC12167867","TRUE","TRUE","FALSE","FALSE","FALSE","FALSE","TRUE","FALSE","TRUE","CC-BY-NC-ND-4.0","FALSE",""
"PMC12167871","TRUE","TRUE","FALSE","FALSE","FALSE","FALSE","FALSE","FALSE","TRUE","CC-BY-NC-ND-4.0","FALSE",""
"PMC12167874","TRUE","TRUE","FALSE","FALSE","FALSE","TRUE","FALSE","FALSE","TRUE","CC-BY-NC-ND-4.0","FALSE",""
"PMC12168382","TRUE","TRUE","FALSE","FALSE","FALSE","FALSE","FALSE","FALSE","TRUE","CC-BY-4.0","FALSE",""
"PMC12169366","TRUE","FALSE","FALSE","FALSE","FALSE","FALSE","FALSE","FALSE","TRUE","CC-BY-NC-ND-4.0","FALSE",""
"PMC12169373","TRUE","FALSE","FALSE","FALSE","FALSE","FALSE","FALSE",,"TRUE","CC-BY-NC-ND-4.0","FALSE",""
"PMC12172925","TRUE","TRUE","FALSE","FALSE","FALSE","TRUE","FALSE","FALSE","TRUE","CC-BY-4.0","FALSE",""
"PMC12172929","TRUE","TRUE","FALSE","FALSE","TRUE","FALSE","FALSE","FALSE","TRUE","CC-BY-NC-ND-4.0","FALSE",""
"PMC12174615","TRUE","FALSE","FALSE","TRUE","FALSE","FALSE","FALSE","FALSE","TRUE","CC-BY-4.0","FALSE",""
"PMC12175673","FALSE","TRUE","FALSE","TRUE","FALSE","TRUE","FALSE","FALSE","TRUE","CC-BY-NC-ND-4.0","FALSE",""
"PMC12175679","TRUE","TRUE","FALSE","FALSE","TRUE","TRUE","FALSE","FALSE","TRUE","CC-BY-NC-4.0","FALSE",""
"PMC12175680","TRUE","FALSE","FALSE","FALSE","FALSE","TRUE","FALSE","FALSE","TRUE","CC-BY-4.0","FALSE",""
"PMC12175685","TRUE","TRUE","FALSE","TRUE","FALSE","FALSE","FALSE","FALSE","TRUE","CC-BY-4.0","FALSE",""
"PMC12175692","TRUE","TRUE","FALSE","TRUE","FALSE","FALSE","FALSE","FALSE","TRUE","CC-BY-NC-4.0","FALSE",""
"PMC12175696","TRUE","TRUE","FALSE","FALSE","FALSE","FALSE","FALSE","FALSE","TRUE","CC-BY-4.0","FALSE",""
"PMC12178343","TRUE","TRUE","FALSE","TRUE","TRUE","FALSE","FALSE","FALSE","TRUE","CC-BY-4.0","FALSE",""
"PMC12178385","TRUE","TRUE","FALSE","FALSE","FALSE","TRUE","FALSE","FALSE","TRUE","CC-BY-4.0","FALSE",""
"PMC12179486","TRUE","FALSE","FALSE","FALSE","FALSE","FALSE","FALSE","FALSE","TRUE","CC-BY-NC-4.0","FALSE",""
"PMC12185045","TRUE","TRUE","FALSE","TRUE","FALSE","TRUE","FALSE","FALSE","TRUE","CC-BY-NC-ND-4.0","FALSE",""
"PMC12186117","TRUE","TRUE","FALSE","TRUE","FALSE","FALSE","FALSE","FALSE","TRUE","CC-BY-NC-4.0","FALSE",""
"PMC12186723","TRUE","TRUE","FALSE","FALSE","FALSE","TRUE","TRUE","FALSE","TRUE","CC-BY-NC-ND-4.0","FALSE",""
"PMC12189403","TRUE","TRUE","FALSE","FALSE","FALSE","FALSE","TRUE","FALSE","TRUE","CC-BY-NC-4.0","FALSE",""
"PMC12200818","TRUE","FALSE","FALSE","FALSE","FALSE","FALSE","FALSE","FALSE","TRUE","CC-BY-NC-SA-4.0","FALSE",""
"PMC12200819","TRUE","FALSE","FALSE","FALSE","FALSE","FALSE","FALSE","FALSE","TRUE","CC-BY-NC-SA-4.0","FALSE",""
"PMC12203956","TRUE","TRUE","FALSE","FALSE","FALSE","FALSE","FALSE","FALSE","TRUE","CC-BY-4.0","FALSE",""
"PMC12204667","TRUE","FALSE","FALSE","FALSE","FALSE","FALSE","FALSE","FALSE","TRUE","CC-BY-NC-SA-4.0","FALSE",""
"PMC12206245","TRUE","FALSE","FALSE","TRUE","TRUE","TRUE","FALSE","FALSE","TRUE","CC-BY-NC-4.0","FALSE",""
"PMC12208417","TRUE","TRUE","FALSE","FALSE","FALSE","FALSE","FALSE","FALSE","TRUE","CC-BY-4.0","FALSE",""
"PMC12208741","FALSE","FALSE","FALSE","FALSE","FALSE","FALSE","FALSE","FALSE","TRUE","CC-BY-4.0","FALSE",""
"PMC12208886","TRUE","TRUE","FALSE","TRUE","FALSE","FALSE","FALSE","FALSE","TRUE","CC-BY-NC-4.0","FALSE",""
"PMC12208889","TRUE","TRUE","FALSE","TRUE","FALSE","FALSE","FALSE","FALSE","TRUE","CC-BY-NC-4.0","FALSE",""
"PMC12208891","TRUE","TRUE","FALSE","FALSE","FALSE","TRUE","FALSE","FALSE","TRUE","CC-BY-NC-4.0","FALSE",""
"PMC12208909","TRUE","TRUE","FALSE","FALSE","FALSE","FALSE","FALSE","FALSE","TRUE","CC-BY-4.0","FALSE",""
"PMC12212656","TRUE","FALSE","FALSE","FALSE","FALSE","FALSE","FALSE","FALSE","TRUE","CC-BY-NC-ND-4.0","FALSE",""
"PMC12212714","TRUE","TRUE","FALSE","FALSE","FALSE","FALSE","FALSE","FALSE","TRUE","CC-BY-NC-ND-4.0","FALSE",""
"PMC12212717","TRUE","FALSE","FALSE","FALSE","FALSE","FALSE","FALSE","FALSE","TRUE","CC-BY-NC-ND-4.0","TRUE","STROBE"
"PMC12212723","TRUE","TRUE","FALSE","FALSE","FALSE","FALSE","FALSE","FALSE","TRUE","CC-BY-NC-ND-4.0","FALSE",""
"PMC12212727","TRUE","FALSE","FALSE","TRUE","FALSE","FALSE","FALSE","FALSE","TRUE","CC-BY-NC-ND-4.0","FALSE",""
"PMC12212729","TRUE","FALSE","FALSE","FALSE","FALSE","FALSE","FALSE","FALSE","TRUE","CC-BY-4.0","FALSE",""
"PMC12219993","TRUE","TRUE","FALSE","FALSE","TRUE","FALSE","TRUE","FALSE","TRUE","CC-BY-4.0","FALSE",""
"PMC12225233","TRUE","FALSE","FALSE","FALSE","FALSE","FALSE","FALSE","FALSE","TRUE","CC-BY-4.0","FALSE",""
"PMC12225244","TRUE","FALSE","FALSE","FALSE","FALSE","FALSE","FALSE","FALSE","TRUE","CC-BY-4.0","FALSE",""
"PMC12225308","TRUE","FALSE","FALSE","TRUE","FALSE","FALSE","FALSE","FALSE","TRUE","CC-BY-4.0","FALSE",""
"PMC12225334","TRUE","FALSE","FALSE","FALSE","FALSE","FALSE","FALSE","FALSE","TRUE","CC-BY-4.0","FALSE",""
"PMC12225346","TRUE","FALSE","FALSE","FALSE","FALSE","FALSE","FALSE","FALSE","TRUE","CC-BY-4.0","FALSE",""
"PMC12225353","TRUE","TRUE","FALSE","TRUE","FALSE","TRUE","FALSE","FALSE","TRUE","CC-BY-4.0","FALSE",""
"PMC12225366","TRUE","FALSE","FALSE","FALSE","FALSE","FALSE","FALSE","FALSE","TRUE","CC-BY-4.0","FALSE",""
"PMC12225394","TRUE","FALSE","FALSE","TRUE","FALSE","FALSE","FALSE","FALSE","TRUE","CC-BY-4.0","FALSE",""
"PMC12225406","TRUE","FALSE","FALSE","FALSE","FALSE","FALSE","FALSE","FALSE","TRUE","CC-BY-4.0","FALSE",""
"PMC12225407","TRUE","FALSE","FALSE","FALSE","FALSE","FALSE","FALSE","FALSE","TRUE","CC-BY-4.0","FALSE",""
"PMC12225421","TRUE","FALSE","FALSE","FALSE","FALSE","FALSE","FALSE","FALSE","TRUE","CC-BY-4.0","FALSE",""
"PMC12225422","TRUE","FALSE","FALSE","TRUE","FALSE","FALSE","FALSE","FALSE","TRUE","CC-BY-4.0","FALSE",""
"PMC12225450","TRUE","TRUE","FALSE","FALSE","FALSE","FALSE","FALSE","FALSE","TRUE","CC-BY-4.0","FALSE",""
"PMC12225480","TRUE","FALSE","FALSE","FALSE","FALSE","FALSE","FALSE",,"TRUE","CC-BY-4.0","FALSE",""
"PMC12225491","TRUE","TRUE","FALSE","FALSE","FALSE","FALSE","FALSE","FALSE","TRUE","CC-BY-4.0","FALSE",""
"PMC12230229","TRUE","TRUE","FALSE","FALSE","FALSE","FALSE","FALSE","FALSE","TRUE","CC-BY-NC-ND-4.0","FALSE",""
"PMC12233327","TRUE","TRUE","FALSE","FALSE","FALSE","FALSE","FALSE","FALSE","TRUE","CC-BY-NC-ND-4.0","FALSE",""
"PMC12236405","TRUE","FALSE","FALSE","FALSE","FALSE","FALSE","FALSE","FALSE","TRUE","CC-BY-NC-SA-4.0","FALSE",""
"PMC12237104","TRUE","TRUE","FALSE","FALSE","FALSE","FALSE","FALSE","FALSE","TRUE","CC-BY-NC-ND-4.0","FALSE",""
"PMC12238110","TRUE","TRUE","FALSE","FALSE","TRUE","FALSE","FALSE","FALSE","TRUE","CC-BY-4.0","FALSE",""
"PMC12239761","TRUE","TRUE","FALSE","FALSE","FALSE","FALSE","FALSE","FALSE","TRUE","CC-BY-NC-ND-4.0","FALSE",""
"PMC12240563","TRUE","TRUE","FALSE","FALSE","FALSE","FALSE","FALSE","FALSE","TRUE","CC-BY-NC-4.0","FALSE",""
"PMC12241685","TRUE","FALSE","FALSE","FALSE","FALSE","FALSE","FALSE","FALSE","TRUE","CC-BY-NC-4.0","FALSE",""
"PMC12241686","TRUE","FALSE","FALSE","FALSE","FALSE","FALSE","FALSE","FALSE","TRUE","CC-BY-4.0","FALSE",""
"PMC12241687","TRUE","FALSE","FALSE","FALSE","FALSE","FALSE","FALSE","FALSE","TRUE","CC-BY-4.0","FALSE",""
"PMC12244036","TRUE","TRUE","FALSE","FALSE","FALSE","FALSE","FALSE","FALSE","TRUE","CC-BY-NC-ND-4.0","FALSE",""
"PMC12244105","TRUE","FALSE","FALSE","FALSE","FALSE","FALSE","FALSE","FALSE","TRUE","CC-BY-4.0","FALSE",""
"PMC12244121","TRUE","FALSE","FALSE","TRUE","FALSE","FALSE","FALSE","FALSE","TRUE","CC-BY-NC-ND-4.0","TRUE","PRISMA"
"PMC12244124","TRUE","TRUE","FALSE","TRUE","TRUE","FALSE","FALSE","FALSE","TRUE","CC-BY-4.0","FALSE",""
"PMC12254745","TRUE","FALSE","FALSE","FALSE","FALSE","FALSE","FALSE","FALSE","TRUE","CC-BY-NC-ND-4.0","FALSE",""
"PMC12258651","TRUE","FALSE","FALSE","FALSE","FALSE","FALSE","FALSE","FALSE","TRUE","CC-BY-4.0","FALSE",""
"PMC12267900","TRUE","FALSE","FALSE","FALSE","FALSE","FALSE","FALSE","FALSE","TRUE","CC-BY-NC-4.0","FALSE",""
"PMC12269557","TRUE","TRUE","FALSE","FALSE","FALSE","FALSE","FALSE","FALSE","TRUE","CC-BY-NC-ND-4.0","FALSE",""
"PMC12270003","TRUE","TRUE","FALSE","FALSE","FALSE","TRUE","FALSE","FALSE","TRUE","CC-BY-4.0","FALSE",""
"PMC12271631","TRUE","TRUE","FALSE","TRUE","FALSE","FALSE","FALSE","FALSE","TRUE","CC-BY-NC-4.0","FALSE",""
"PMC12272024","TRUE","TRUE","FALSE","FALSE","FALSE","FALSE","FALSE","FALSE","TRUE","CC-BY-4.0","FALSE",""
"PMC12275707","TRUE","FALSE","FALSE","FALSE","FALSE","FALSE","FALSE","FALSE","TRUE","CC-BY-NC-ND-4.0","FALSE",""
"PMC12276424","TRUE","TRUE","FALSE","TRUE","FALSE","FALSE","FALSE","FALSE","TRUE","CC-BY-NC-4.0","FALSE",""
"PMC12280252","TRUE","FALSE","FALSE","FALSE","FALSE","FALSE","FALSE","FALSE","TRUE","CC-BY-4.0","FALSE",""
"PMC12281398","TRUE","TRUE","FALSE","FALSE","FALSE","FALSE","FALSE","FALSE","TRUE","CC-BY-4.0","FALSE",""
"PMC12283817","TRUE","TRUE","FALSE","FALSE","FALSE","TRUE","FALSE","FALSE","TRUE","CC-BY-4.0","FALSE",""
"PMC12285289","TRUE","FALSE","FALSE","FALSE","FALSE","FALSE","FALSE","FALSE","TRUE","CC-BY-NC-4.0","FALSE",""
"PMC12285334","TRUE","TRUE","FALSE","FALSE","FALSE","FALSE","FALSE","FALSE","TRUE","CC-BY-NC-4.0","FALSE",""
"PMC12285347","TRUE","TRUE","FALSE","FALSE","FALSE","FALSE","FALSE","FALSE","TRUE","CC-BY-NC-4.0","FALSE",""
"PMC12285354","FALSE","FALSE","FALSE","FALSE","FALSE","FALSE","FALSE","FALSE","TRUE","CC-BY-NC-4.0","FALSE",""
"PMC12285366","TRUE","FALSE","FALSE","FALSE","FALSE","FALSE","FALSE","FALSE","TRUE","CC-BY-NC-4.0","FALSE",""
"PMC12285368","TRUE","FALSE","FALSE","FALSE","FALSE","FALSE","FALSE","FALSE","TRUE","CC-BY-NC-4.0","FALSE",""
"PMC12285371","TRUE","FALSE","FALSE","TRUE","FALSE","FALSE","FALSE","FALSE","TRUE","CC-BY-NC-4.0","FALSE",""
"PMC12285407","TRUE","FALSE","FALSE","FALSE","FALSE","FALSE","FALSE","FALSE","TRUE","CC-BY-NC-4.0","FALSE",""
"PMC12285445","TRUE","FALSE","FALSE","FALSE","FALSE","FALSE","FALSE","FALSE","TRUE","CC-BY-NC-4.0","FALSE",""
"PMC12285453","TRUE","FALSE","FALSE","TRUE","FALSE","FALSE","FALSE","FALSE","TRUE","CC-BY-NC-4.0","FALSE",""
"PMC12285496","TRUE","FALSE","FALSE","FALSE","FALSE","FALSE","FALSE","FALSE","TRUE","CC-BY-NC-4.0","FALSE",""
"PMC12287882","TRUE","TRUE","FALSE","TRUE","FALSE","FALSE","FALSE","FALSE","TRUE","CC-BY-NC-ND-4.0","FALSE",""
"PMC12288375","TRUE","TRUE","FALSE","FALSE","FALSE","FALSE","FALSE","FALSE","TRUE","CC-BY-NC-4.0","FALSE",""
"PMC12288402","TRUE","TRUE","FALSE","FALSE","TRUE","FALSE","FALSE","FALSE","TRUE","CC-BY-NC-4.0","TRUE","CONSORT"
"PMC12288413","TRUE","TRUE","FALSE","FALSE","TRUE","FALSE","FALSE","FALSE","TRUE","CC-BY-NC-4.0","FALSE",""
"PMC12289710","TRUE","FALSE","FALSE","FALSE","FALSE","FALSE","FALSE","FALSE","TRUE","CC-BY-4.0","FALSE",""
"PMC12289719","TRUE","TRUE","FALSE","FALSE","FALSE","TRUE","FALSE","FALSE","TRUE","CC-BY-4.0","FALSE",""
"PMC12289757","TRUE","TRUE","FALSE","FALSE","FALSE","FALSE","FALSE","FALSE","TRUE","CC-BY-4.0","FALSE",""
"PMC12290910","TRUE","TRUE","FALSE","FALSE","FALSE","FALSE","FALSE","FALSE","TRUE","CC-BY-NC-ND-4.0","FALSE",""
"PMC12301999","TRUE","TRUE","FALSE","TRUE","FALSE","FALSE","FALSE","FALSE","TRUE","CC-BY-4.0","FALSE",""
"PMC12305535","TRUE","TRUE","FALSE","FALSE","FALSE","FALSE","FALSE","FALSE","TRUE","CC-BY-NC-SA-4.0","FALSE",""
"PMC12305556","TRUE","TRUE","FALSE","TRUE","FALSE","FALSE","FALSE","FALSE","TRUE","CC-BY-NC-SA-4.0","FALSE",""
"PMC12305792","TRUE","FALSE","FALSE","TRUE","FALSE","FALSE","FALSE","FALSE","TRUE","CC-BY-NC-SA-4.0","FALSE",""
"PMC12306571","FALSE","TRUE","FALSE","FALSE","FALSE","FALSE","TRUE","FALSE","TRUE","CC-BY-4.0","FALSE",""
"PMC12308837","TRUE","TRUE","FALSE","FALSE","FALSE","FALSE","FALSE","FALSE","TRUE","CC-BY-4.0","FALSE",""
"PMC12310202","TRUE","FALSE","FALSE","FALSE","FALSE","FALSE","FALSE","FALSE","TRUE","CC-BY-NC-SA-4.0","FALSE",""
"PMC12310219","TRUE","FALSE","FALSE","FALSE","FALSE","FALSE","FALSE","FALSE","TRUE","CC-BY-NC-SA-4.0","FALSE",""
"PMC12310229","TRUE","FALSE","FALSE","FALSE","FALSE","FALSE","FALSE","FALSE","TRUE","CC-BY-NC-SA-4.0","FALSE",""
"PMC12312730","TRUE","TRUE","FALSE","FALSE","TRUE","FALSE","FALSE","FALSE","TRUE","CC-BY-NC-4.0","FALSE",""
"PMC12320950","TRUE","TRUE","FALSE","TRUE","FALSE","TRUE","FALSE","FALSE","TRUE","CC-BY-4.0","FALSE",""
"PMC12321482","TRUE","FALSE","FALSE","FALSE","FALSE","FALSE","FALSE","FALSE","TRUE","CC-BY-NC-ND-4.0","FALSE",""
"PMC12322978","FALSE","TRUE","FALSE","FALSE","FALSE","FALSE","FALSE",,"TRUE","CC-BY-4.0","FALSE",""
"PMC12327235","TRUE","FALSE","FALSE","FALSE","FALSE","FALSE","FALSE","FALSE","TRUE","CC-BY-4.0","FALSE",""
"PMC12327239","TRUE","FALSE","FALSE","FALSE","FALSE","TRUE","FALSE","FALSE","TRUE","CC-BY-4.0","FALSE",""
"PMC12327267","TRUE","TRUE","FALSE","FALSE","FALSE","TRUE","FALSE","FALSE","TRUE","CC-BY-4.0","TRUE","PRISMA"
"PMC12327272","TRUE","TRUE","FALSE","FALSE","FALSE","FALSE","FALSE","FALSE","TRUE","CC-BY-4.0","FALSE",""
"PMC12327281","TRUE","TRUE","FALSE","FALSE","FALSE","FALSE","FALSE","FALSE","TRUE","CC-BY-4.0","FALSE",""
"PMC12327288","TRUE","FALSE","FALSE","FALSE","FALSE","FALSE","FALSE","FALSE","TRUE","CC-BY-4.0","FALSE",""
"PMC12327309","TRUE","TRUE","FALSE","FALSE","FALSE","FALSE","FALSE","FALSE","TRUE","CC-BY-4.0","FALSE",""
"PMC12327322","TRUE","TRUE","FALSE","FALSE","FALSE","FALSE","FALSE","FALSE","TRUE","CC-BY-4.0","FALSE",""
"PMC12327338","TRUE","TRUE","FALSE","TRUE","FALSE","FALSE","FALSE","FALSE","TRUE","CC-BY-4.0","FALSE",""
"PMC12331382","FALSE","FALSE","FALSE","FALSE","FALSE","FALSE","FALSE","FALSE","TRUE","CC-BY-NC-ND-4.0","FALSE",""
"PMC12337586","TRUE","FALSE","FALSE","FALSE","FALSE","FALSE","FALSE","FALSE","TRUE","CC-BY-4.0","FALSE",""
"PMC12337613","TRUE","TRUE","FALSE","FALSE","FALSE","FALSE","FALSE","FALSE","TRUE","CC-BY-4.0","FALSE",""
"PMC12337821","FALSE","TRUE","FALSE","TRUE","FALSE","FALSE","TRUE","FALSE","TRUE","CC-BY-4.0","FALSE",""
"PMC12341960","TRUE","FALSE","FALSE","FALSE","FALSE","TRUE","FALSE","FALSE","TRUE","CC-BY-4.0","FALSE",""
"PMC12342030","TRUE","FALSE","FALSE","FALSE","FALSE","FALSE","FALSE","FALSE","TRUE","CC-BY-4.0","FALSE",""
"PMC12342034","TRUE","FALSE","FALSE","FALSE","FALSE","FALSE","FALSE","FALSE","TRUE","CC-BY-4.0","FALSE",""
"PMC12342037","TRUE","FALSE","FALSE","FALSE","FALSE","FALSE","FALSE","FALSE","TRUE","CC-BY-4.0","FALSE",""
"PMC12343703","TRUE","TRUE","FALSE","FALSE","FALSE","FALSE","FALSE","FALSE","TRUE","CC-BY-4.0","FALSE",""
"PMC12352165","TRUE","TRUE","FALSE","TRUE","FALSE","FALSE","FALSE","FALSE","TRUE","CC-BY-NC-4.0","FALSE",""
"PMC12362234","TRUE","TRUE","FALSE","FALSE","FALSE","TRUE","FALSE","FALSE","TRUE","CC-BY-NC-ND-4.0","FALSE",""
"PMC12363330","TRUE","TRUE","FALSE","FALSE","FALSE","TRUE","FALSE","FALSE","TRUE","CC-BY-4.0","FALSE",""
"PMC12366525","TRUE","TRUE","FALSE","FALSE","FALSE","FALSE","FALSE","FALSE","TRUE","CC-BY-4.0","FALSE",""
"PMC12372698","TRUE","TRUE","FALSE","TRUE","FALSE","FALSE","FALSE","FALSE","TRUE","CC-BY-4.0","FALSE",""
"PMC12372706","TRUE","FALSE","FALSE","TRUE","FALSE","TRUE","FALSE","FALSE","TRUE","CC-BY-4.0","FALSE",""
"PMC12372743","TRUE","TRUE","FALSE","TRUE","FALSE","FALSE","FALSE","FALSE","TRUE","CC-BY-4.0","FALSE",""
"PMC12375219","TRUE","FALSE","FALSE","FALSE","FALSE","FALSE","FALSE","FALSE","TRUE","CC-BY-NC-ND-4.0","FALSE",""
"PMC12376283","FALSE","FALSE","FALSE","FALSE","FALSE","FALSE","FALSE","FALSE","TRUE","CC-BY-4.0","FALSE",""
"PMC12376298","TRUE","FALSE","FALSE","FALSE","FALSE","FALSE","FALSE","FALSE","TRUE","CC-BY-4.0","FALSE",""
"PMC12376846","TRUE","TRUE","FALSE","FALSE","FALSE","FALSE","TRUE","FALSE","TRUE","CC-BY-NC-ND-4.0","FALSE",""
"PMC12377064","TRUE","TRUE","FALSE","FALSE","FALSE","FALSE","FALSE","FALSE","TRUE","CC-BY-4.0","FALSE",""
"PMC12377331","FALSE","FALSE","FALSE","FALSE","FALSE","FALSE","FALSE","FALSE","TRUE","CC-BY-NC-ND-4.0","FALSE",""
"PMC12382234","TRUE","TRUE","FALSE","FALSE","FALSE","FALSE","FALSE","FALSE","TRUE","CC-BY-NC-ND-4.0","FALSE",""
"PMC12382261","TRUE","TRUE","FALSE","FALSE","FALSE","TRUE","FALSE","FALSE","TRUE","CC-BY-NC-ND-4.0","FALSE",""
"PMC12384231","TRUE","TRUE","FALSE","FALSE","FALSE","TRUE","FALSE","FALSE","TRUE","CC-BY-NC-4.0","FALSE",""
"PMC12384295","TRUE","TRUE","FALSE","FALSE","FALSE","FALSE","FALSE","FALSE","TRUE","CC-BY-NC-4.0","TRUE","CONSORT"
"PMC12384347","TRUE","FALSE","FALSE","FALSE","FALSE","FALSE","FALSE","FALSE","TRUE","CC-BY-NC-4.0","FALSE",""
"PMC12384418","TRUE","FALSE","FALSE","FALSE","FALSE","FALSE","FALSE","FALSE","TRUE","CC-BY-NC-4.0","FALSE",""
"PMC12396006","FALSE","TRUE","FALSE","FALSE","FALSE","FALSE","FALSE","FALSE","TRUE","CC-BY-NC-ND-4.0","FALSE",""
"PMC12396146","TRUE","TRUE","FALSE","FALSE","FALSE","FALSE","FALSE","FALSE","TRUE","CC-BY-4.0","FALSE",""
"PMC12404322","TRUE","TRUE","FALSE","FALSE","TRUE","TRUE","FALSE","FALSE","TRUE","CC-BY-4.0","FALSE",""
"PMC12406505","TRUE","TRUE","FALSE","TRUE","FALSE","FALSE","FALSE","FALSE","TRUE","CC-BY-NC-ND-4.0","FALSE",""
"PMC12406581","TRUE","TRUE","FALSE","FALSE","FALSE","FALSE","FALSE","FALSE","TRUE","CC-BY-NC-ND-4.0","FALSE",""
"PMC12406585","FALSE","FALSE","FALSE","FALSE","FALSE","FALSE","FALSE","FALSE","TRUE","CC-BY-NC-ND-4.0","FALSE",""
"PMC12406610","TRUE","TRUE","FALSE","FALSE","FALSE","FALSE","FALSE","FALSE","TRUE","CC-BY-NC-ND-4.0","FALSE",""
"PMC12409261","TRUE","TRUE","FALSE","FALSE","FALSE","TRUE","FALSE",,"TRUE","CC-BY-4.0","TRUE","ARRIVE"
"PMC12422799","TRUE","FALSE","FALSE","FALSE","FALSE","FALSE","FALSE","FALSE","TRUE","CC-BY-NC-ND-4.0","FALSE",""
"PMC12433521","TRUE","FALSE","FALSE","FALSE","FALSE","FALSE","FALSE","FALSE","TRUE","CC-BY-NC-4.0","FALSE",""
"PMC12435318","TRUE","TRUE","FALSE","FALSE","FALSE","FALSE","FALSE","FALSE","TRUE","CC-BY-4.0","FALSE",""
"PMC12442984","TRUE","TRUE","FALSE","TRUE","FALSE","TRUE","FALSE","FALSE","TRUE","CC-BY-4.0","FALSE",""
"PMC12442988","TRUE","TRUE","FALSE","TRUE","FALSE","FALSE","FALSE","FALSE","TRUE","CC-BY-NC-4.0","TRUE","PRISMA"
"PMC12443020","FALSE","FALSE","FALSE","FALSE","FALSE","FALSE","FALSE","FALSE","TRUE","CC-BY-4.0","FALSE",""
"PMC12443088","TRUE","FALSE","FALSE","FALSE","FALSE","FALSE","FALSE","FALSE","TRUE","CC-BY-4.0","FALSE",""
"PMC12443126","TRUE","TRUE","FALSE","FALSE","FALSE","FALSE","FALSE","FALSE","TRUE","CC-BY-4.0","FALSE",""
"PMC12443881","TRUE","TRUE","FALSE","FALSE","FALSE","FALSE","FALSE","FALSE","TRUE","CC-BY-4.0","FALSE",""
"PMC12444026","TRUE","TRUE","FALSE","FALSE","FALSE","FALSE","FALSE","FALSE","TRUE","CC-BY-4.0","TRUE","COREQ"
"PMC12447786","TRUE","TRUE","FALSE","FALSE","FALSE","FALSE","FALSE","FALSE","TRUE","CC-BY-NC-ND-4.0","FALSE",""
"PMC12457728","TRUE","TRUE","FALSE","FALSE","FALSE","FALSE","FALSE","FALSE","TRUE","CC-BY-4.0","FALSE",""
"PMC12462777","FALSE","TRUE","FALSE","TRUE","FALSE","FALSE","FALSE","FALSE","TRUE","CC-BY-4.0","FALSE",""
"PMC12462851","TRUE","FALSE","FALSE","FALSE","FALSE","FALSE","FALSE","FALSE","TRUE","CC-BY-4.0","FALSE",""
"PMC12478431","TRUE","TRUE","FALSE","TRUE","FALSE","TRUE","FALSE","FALSE","TRUE","CC0-1.0","FALSE",""
"PMC12478646","TRUE","FALSE","FALSE","FALSE","FALSE","FALSE","FALSE","FALSE","TRUE","CC-BY-NC-4.0","FALSE",""
"PMC12478675","TRUE","FALSE","FALSE","TRUE","FALSE","FALSE","FALSE","FALSE","TRUE","CC-BY-NC-4.0","FALSE",""
"PMC12478689","TRUE","FALSE","FALSE","FALSE","FALSE","FALSE","FALSE","FALSE","TRUE","CC-BY-NC-4.0","FALSE",""
"PMC12478713","TRUE","FALSE","FALSE","FALSE","FALSE","FALSE","FALSE","FALSE","TRUE","CC-BY-NC-4.0","FALSE",""
"PMC12478719","TRUE","FALSE","FALSE","FALSE","FALSE","FALSE","FALSE","FALSE","TRUE","CC-BY-NC-4.0","FALSE",""
"PMC12478737","TRUE","FALSE","FALSE","FALSE","FALSE","FALSE","FALSE","FALSE","TRUE","CC-BY-NC-4.0","FALSE",""
"PMC12478750","TRUE","FALSE","FALSE","FALSE","FALSE","FALSE","FALSE","FALSE","TRUE","CC-BY-NC-4.0","FALSE",""
"PMC12478764","TRUE","FALSE","FALSE","FALSE","FALSE","FALSE","FALSE","FALSE","TRUE","CC-BY-NC-4.0","FALSE",""
"PMC12478768","TRUE","FALSE","FALSE","FALSE","FALSE","FALSE","FALSE","FALSE","TRUE","CC-BY-NC-4.0","FALSE",""
"PMC12478777","TRUE","FALSE","FALSE","FALSE","FALSE","FALSE","FALSE","FALSE","TRUE","CC-BY-NC-4.0","FALSE",""
"PMC12478781","TRUE","FALSE","FALSE","FALSE","FALSE","FALSE","FALSE","FALSE","TRUE","CC-BY-NC-4.0","FALSE",""
"PMC12478800","TRUE","FALSE","FALSE","FALSE","FALSE","FALSE","FALSE","FALSE","TRUE","CC-BY-NC-4.0","FALSE",""
"PMC12478808","TRUE","FALSE","FALSE","TRUE","FALSE","FALSE","FALSE","FALSE","TRUE","CC-BY-NC-4.0","FALSE",""
"PMC12478821","TRUE","FALSE","FALSE","FALSE","FALSE","FALSE","FALSE","FALSE","TRUE","CC-BY-NC-4.0","FALSE",""
"PMC12478839","FALSE","FALSE","FALSE","FALSE","FALSE","FALSE","FALSE","FALSE","TRUE","CC-BY-NC-4.0","FALSE",""
"PMC12479700","TRUE","FALSE","FALSE","FALSE","FALSE","FALSE","FALSE","FALSE","TRUE","CC-BY-NC-4.0","FALSE",""
"PMC12479786","TRUE","FALSE","FALSE","TRUE","FALSE","FALSE","FALSE","FALSE","TRUE","CC-BY-NC-4.0","FALSE",""
"PMC12479842","TRUE","FALSE","FALSE","FALSE","FALSE","TRUE","FALSE","FALSE","TRUE","CC-BY-NC-4.0","FALSE",""
"PMC12479968","TRUE","FALSE","FALSE","FALSE","FALSE","FALSE","FALSE","FALSE","TRUE","CC-BY-NC-4.0","FALSE",""
"PMC12479991","FALSE","FALSE","FALSE","FALSE","FALSE","FALSE","FALSE","FALSE","TRUE","CC-BY-NC-4.0","FALSE",""
"PMC12479994","TRUE","FALSE","FALSE","TRUE","FALSE","FALSE","FALSE","FALSE","TRUE","CC-BY-NC-4.0","FALSE",""
"PMC12480004","FALSE","FALSE","FALSE","FALSE","FALSE","FALSE","FALSE","FALSE","TRUE","CC-BY-NC-4.0","FALSE",""
"PMC12480043","TRUE","FALSE","FALSE","FALSE","FALSE","FALSE","FALSE","FALSE","TRUE","CC-BY-NC-4.0","FALSE",""
"PMC12480106","TRUE","FALSE","FALSE","FALSE","FALSE","FALSE","FALSE","FALSE","TRUE","CC-BY-NC-4.0","FALSE",""
"PMC12480116","TRUE","FALSE","FALSE","TRUE","FALSE","FALSE","FALSE","FALSE","TRUE","CC-BY-NC-4.0","FALSE",""
"PMC12480245","TRUE","FALSE","FALSE","TRUE","FALSE","FALSE","FALSE","FALSE","TRUE","CC-BY-NC-4.0","FALSE",""
"PMC12480254","FALSE","FALSE","FALSE","FALSE","FALSE","FALSE","FALSE","FALSE","TRUE","CC-BY-NC-4.0","FALSE",""
"PMC12480266","FALSE","FALSE","FALSE","FALSE","FALSE","FALSE","FALSE","FALSE","TRUE","CC-BY-NC-4.0","FALSE",""
"PMC12480351","FALSE","FALSE","FALSE","FALSE","FALSE","FALSE","FALSE","FALSE","TRUE","CC-BY-NC-4.0","FALSE",""
"PMC12480363","TRUE","TRUE","FALSE","FALSE","FALSE","FALSE","FALSE","FALSE","TRUE","CC-BY-NC-4.0","FALSE",""
"PMC12480366","FALSE","FALSE","FALSE","FALSE","FALSE","FALSE","FALSE","FALSE","TRUE","CC-BY-NC-4.0","FALSE",""
"PMC12480374","TRUE","FALSE","FALSE","FALSE","FALSE","FALSE","FALSE","FALSE","TRUE","CC-BY-NC-4.0","FALSE",""
"PMC12480382","FALSE","FALSE","FALSE","FALSE","FALSE","FALSE","FALSE","FALSE","TRUE","CC-BY-NC-4.0","FALSE",""
"PMC12480383","TRUE","TRUE","FALSE","FALSE","FALSE","FALSE","FALSE","FALSE","TRUE","CC-BY-NC-4.0","FALSE",""
"PMC12480386","TRUE","FALSE","FALSE","FALSE","FALSE","FALSE","FALSE","FALSE","TRUE","CC-BY-NC-4.0","FALSE",""
"PMC12480428","TRUE","FALSE","FALSE","TRUE","FALSE","FALSE","FALSE","FALSE","TRUE","CC-BY-NC-4.0","FALSE",""
"PMC12480430","TRUE","FALSE","FALSE","FALSE","FALSE","FALSE","FALSE","FALSE","TRUE","CC-BY-NC-4.0","FALSE",""
"PMC12480602","TRUE","FALSE","FALSE","FALSE","FALSE","FALSE","FALSE","FALSE","TRUE","CC-BY-4.0","FALSE",""
"PMC12486926","TRUE","TRUE","FALSE","TRUE","FALSE","TRUE","FALSE","FALSE","TRUE","CC-BY-NC-4.0","FALSE",""
"PMC12488031","TRUE","TRUE","FALSE","TRUE","FALSE","TRUE","TRUE","FALSE","TRUE","CC-BY-NC-4.0","FALSE",""
"PMC12488041","TRUE","TRUE","FALSE","FALSE","FALSE","FALSE","FALSE","FALSE","TRUE","CC-BY-4.0","FALSE",""
"PMC12489960","TRUE","TRUE","FALSE","FALSE","FALSE","FALSE","FALSE","FALSE","TRUE","CC-BY-4.0","FALSE",""
"PMC12490757","TRUE","FALSE","FALSE","FALSE","FALSE","FALSE","FALSE","FALSE","TRUE","CC-BY-NC-SA-4.0","FALSE",""
"PMC12493209","TRUE","TRUE","FALSE","FALSE","FALSE","FALSE","FALSE","FALSE","TRUE","CC-BY-4.0","TRUE","TRIPOD"
"PMC12499531","TRUE","TRUE","FALSE","FALSE","FALSE","FALSE","FALSE","FALSE","TRUE","CC-BY-NC-ND-4.0","FALSE",""
"PMC12500180","TRUE","FALSE","FALSE","FALSE","FALSE","FALSE","FALSE","FALSE","TRUE","CC-BY-NC-SA-4.0","FALSE",""
"PMC12500186","FALSE","FALSE","FALSE","FALSE","FALSE","FALSE","FALSE","FALSE","TRUE","CC-BY-NC-SA-4.0","FALSE",""
"PMC12503705","TRUE","TRUE","FALSE","TRUE","TRUE","TRUE","FALSE","FALSE","TRUE","CC-BY-NC-4.0","TRUE","STROBE"
"PMC12512386","TRUE","TRUE","FALSE","TRUE","TRUE","FALSE","FALSE","FALSE","TRUE","CC-BY-4.0","FALSE",""
"PMC12512597","FALSE","FALSE","FALSE","TRUE","FALSE","FALSE","FALSE","FALSE","TRUE","CC-BY-4.0","TRUE","STROBE"
"PMC12527418","FALSE","FALSE","FALSE","TRUE","FALSE","FALSE","FALSE","FALSE","TRUE","CC-BY-4.0","TRUE","STROBE"
"PMC12539345","FALSE","FALSE","FALSE","FALSE","FALSE","FALSE","FALSE","FALSE","TRUE","CC-BY-4.0","FALSE",""
"PMC12539346","TRUE","TRUE","FALSE","TRUE","FALSE","FALSE","FALSE","FALSE","TRUE","CC-BY-4.0","FALSE",""
"PMC12539648","TRUE","TRUE","FALSE","TRUE","FALSE","TRUE","TRUE","FALSE","TRUE","CC-BY-4.0","FALSE",""
"PMC12543409","FALSE","FALSE","TRUE","FALSE","FALSE","FALSE","FALSE","FALSE","TRUE","CC-BY-4.0","TRUE","PRISMA"
"PMC12549007","TRUE","TRUE","FALSE","FALSE","FALSE","FALSE","FALSE","FALSE","TRUE","CC-BY-4.0","FALSE",""
"PMC12551626","TRUE","FALSE","FALSE","FALSE","FALSE","FALSE","FALSE","FALSE","TRUE","CC-BY-NC-4.0","FALSE",""
"PMC12551730","TRUE","FALSE","FALSE","FALSE","FALSE","FALSE","FALSE","FALSE","TRUE","CC-BY-NC-4.0","FALSE",""
"PMC12558049","FALSE","FALSE","FALSE","FALSE","FALSE","FALSE","FALSE","FALSE","TRUE","CC-BY-NC-ND-4.0","FALSE",""
"PMC12558624","TRUE","TRUE","FALSE","TRUE","TRUE","FALSE","FALSE","FALSE","TRUE","CC-BY-4.0","FALSE",""
"PMC12576618","FALSE","TRUE","FALSE","FALSE","FALSE","FALSE","TRUE","FALSE","TRUE","CC-BY-4.0","FALSE",""
"PMC12585133","TRUE","TRUE","FALSE","FALSE","FALSE","FALSE","FALSE","FALSE","TRUE","CC-BY-NC-SA-4.0","FALSE",""
"PMC12594500","TRUE","TRUE","FALSE","TRUE","FALSE","FALSE","FALSE","FALSE","TRUE","CC-BY-NC-SA-4.0","FALSE",""
"PMC12602892","TRUE","FALSE","FALSE","TRUE","FALSE","FALSE","FALSE","FALSE","TRUE","CC-BY-NC-4.0","FALSE",""
"PMC12614706","TRUE","FALSE","FALSE","TRUE","FALSE","FALSE","FALSE","FALSE","TRUE","CC-BY-NC-SA-4.0","FALSE",""
"PMC12614709","TRUE","FALSE","FALSE","FALSE","FALSE","FALSE","FALSE","FALSE","TRUE","CC-BY-NC-SA-4.0","FALSE",""
"PMC12614718","TRUE","FALSE","FALSE","TRUE","FALSE","FALSE","FALSE","FALSE","TRUE","CC-BY-NC-SA-4.0","FALSE",""
"PMC12614724","TRUE","FALSE","FALSE","FALSE","FALSE","FALSE","FALSE","FALSE","TRUE","CC-BY-NC-SA-4.0","FALSE",""
"PMC12638454","TRUE","TRUE","FALSE","TRUE","FALSE","FALSE","FALSE","FALSE","TRUE","CC-BY-NC-4.0","FALSE",""
"PMC12643068","TRUE","TRUE","FALSE","FALSE","FALSE","FALSE","FALSE","FALSE","TRUE","CC-BY-4.0","FALSE",""
"PMC12664500","TRUE","TRUE","FALSE","FALSE","FALSE","TRUE","FALSE","FALSE","TRUE","CC-BY-NC-ND-4.0","FALSE",""
"PMC12671326","TRUE","TRUE","FALSE","TRUE","FALSE","FALSE","FALSE","FALSE","TRUE","CC-BY-4.0","FALSE",""
"PMC12671917","FALSE","FALSE","TRUE","FALSE","TRUE","FALSE","FALSE","FALSE","TRUE","CC-BY-4.0","TRUE","PRISMA; COSMIN"
"PMC12674312","TRUE","TRUE","FALSE","FALSE","FALSE","FALSE","FALSE","FALSE","TRUE","CC-BY-4.0","FALSE",""
"PMC12675235","TRUE","FALSE","FALSE","FALSE","TRUE","FALSE","FALSE","FALSE","TRUE","CC-BY-NC-ND-4.0","FALSE",""
"PMC12677801","TRUE","TRUE","TRUE","FALSE","FALSE","FALSE","FALSE","FALSE","TRUE","CC-BY-4.0","TRUE","PRISMA"
"PMC12678067","TRUE","TRUE","FALSE","FALSE","FALSE","FALSE","FALSE","FALSE","TRUE","CC-BY-4.0","FALSE",""
"PMC12680297","TRUE","FALSE","FALSE","FALSE","FALSE","FALSE","FALSE","FALSE","TRUE","CC-BY-NC-SA-4.0","FALSE",""
"PMC12688806","TRUE","FALSE","FALSE","TRUE","TRUE","FALSE","FALSE","FALSE","TRUE","CC-BY-4.0","FALSE",""
"PMC12698061","TRUE","TRUE","FALSE","FALSE","FALSE","FALSE","FALSE","FALSE","TRUE","CC-BY-4.0","FALSE",""
"PMC12698758","TRUE","TRUE","FALSE","FALSE","TRUE","FALSE","FALSE","FALSE","TRUE","CC-BY-NC-ND-4.0","FALSE",""
"PMC12703607","TRUE","TRUE","FALSE","FALSE","FALSE","FALSE","FALSE","FALSE","TRUE","CC-BY-NC-SA-4.0","FALSE",""
"PMC12703760","FALSE","FALSE","FALSE","FALSE","FALSE","FALSE","FALSE","FALSE","TRUE","CC-BY-NC-ND-4.0","FALSE",""
"PMC12703764","TRUE","FALSE","FALSE","FALSE","FALSE","FALSE","FALSE","FALSE","TRUE","CC-BY-NC-ND-4.0","FALSE",""
"PMC12709876","FALSE","FALSE","FALSE","FALSE","FALSE","FALSE","FALSE","FALSE","TRUE","CC-BY-NC-ND-4.0","FALSE",""
"PMC12709882","TRUE","TRUE","FALSE","FALSE","FALSE","FALSE","FALSE","FALSE","TRUE","CC-BY-NC-ND-4.0","FALSE",""
"PMC12709999","TRUE","FALSE","FALSE","FALSE","FALSE","FALSE","FALSE","FALSE","TRUE","CC-BY-NC-ND-4.0","FALSE",""
"PMC12710022","TRUE","TRUE","TRUE","FALSE","FALSE","FALSE","FALSE","FALSE","TRUE","CC-BY-NC-ND-4.0","TRUE","CONSORT"
"PMC12710727","TRUE","FALSE","FALSE","FALSE","FALSE","FALSE","FALSE","FALSE","TRUE","CC-BY-NC-ND-4.0","FALSE",""
"PMC12713896","TRUE","TRUE","FALSE","FALSE","FALSE","TRUE","TRUE","FALSE","TRUE","CC-BY-4.0","FALSE",""
"PMC12713897","TRUE","TRUE","FALSE","TRUE","FALSE","TRUE","FALSE","FALSE","TRUE","CC-BY-4.0","FALSE",""
"PMC12713925","TRUE","TRUE","FALSE","TRUE","FALSE","TRUE","FALSE","FALSE","TRUE","CC-BY-4.0","FALSE",""
"PMC12713967","TRUE","TRUE","FALSE","FALSE","FALSE","TRUE","FALSE","FALSE","TRUE","CC-BY-4.0","FALSE",""
"PMC12713995","TRUE","FALSE","FALSE","FALSE","FALSE","FALSE","FALSE","FALSE","TRUE","CC-BY-4.0","FALSE",""
"PMC12713999","TRUE","FALSE","FALSE","FALSE","FALSE","FALSE","FALSE","FALSE","TRUE","CC-BY-4.0","FALSE",""
"PMC12714765","FALSE","FALSE","FALSE","FALSE","FALSE","FALSE","FALSE","FALSE","TRUE","CC-BY-NC-ND-4.0","FALSE",""
"PMC12718303","TRUE","TRUE","FALSE","FALSE","FALSE","TRUE","FALSE","FALSE","TRUE","CC-BY-NC-ND-4.0","FALSE",""
"PMC12718793","TRUE","FALSE","FALSE","FALSE","FALSE","FALSE","FALSE","FALSE","TRUE","CC-BY-NC-ND-4.0","FALSE",""
"PMC12718798","TRUE","FALSE","FALSE","FALSE","FALSE","FALSE","FALSE","FALSE","TRUE","CC-BY-NC-ND-4.0","FALSE",""
"PMC12718803","TRUE","TRUE","FALSE","FALSE","FALSE","FALSE","FALSE","FALSE","TRUE","CC-BY-NC-ND-4.0","FALSE",""
"PMC12718851","TRUE","TRUE","FALSE","TRUE","FALSE","FALSE","FALSE","FALSE","TRUE","CC-BY-NC-ND-4.0","TRUE","PRISMA"
"PMC12718912","TRUE","TRUE","FALSE","FALSE","FALSE","FALSE","FALSE","FALSE","TRUE","CC-BY-NC-ND-4.0","FALSE",""
"PMC12718917","TRUE","TRUE","TRUE","FALSE","FALSE","FALSE","FALSE","FALSE","TRUE","CC-BY-NC-ND-4.0","TRUE","PRISMA"
"PMC12718929","TRUE","TRUE","FALSE","FALSE","FALSE","FALSE","FALSE","FALSE","TRUE","CC-BY-NC-ND-4.0","FALSE",""
"PMC12718960","TRUE","TRUE","FALSE","FALSE","FALSE","FALSE","FALSE","FALSE","TRUE","CC-BY-NC-ND-4.0","FALSE",""
"PMC12718974","TRUE","TRUE","FALSE","FALSE","FALSE","FALSE","FALSE","FALSE","TRUE","CC-BY-NC-ND-4.0","FALSE",""
"PMC12718993","TRUE","FALSE","FALSE","FALSE","FALSE","FALSE","FALSE","FALSE","TRUE","CC-BY-NC-ND-4.0","FALSE",""
"PMC12718996","TRUE","TRUE","FALSE","FALSE","FALSE","FALSE","FALSE","FALSE","TRUE","CC-BY-NC-ND-4.0","FALSE",""
"PMC12721608","TRUE","TRUE","FALSE","FALSE","FALSE","FALSE","FALSE","FALSE","TRUE","CC-BY-NC-ND-4.0","FALSE",""
"PMC12721613","TRUE","TRUE","FALSE","TRUE","TRUE","FALSE","FALSE","FALSE","TRUE","CC-BY-NC-ND-4.0","FALSE",""
"PMC12721666","TRUE","TRUE","FALSE","TRUE","FALSE","FALSE","FALSE","FALSE","TRUE","CC-BY-NC-ND-4.0","FALSE",""
"PMC12727033","TRUE","FALSE","FALSE","TRUE","FALSE","FALSE","FALSE","FALSE","TRUE","CC-BY-NC-ND-4.0","FALSE",""
"PMC12741449","TRUE","TRUE","FALSE","TRUE","FALSE","FALSE","FALSE","FALSE","TRUE","CC-BY-4.0","FALSE",""
"PMC12744632","TRUE","TRUE","FALSE","FALSE","FALSE","FALSE","FALSE","FALSE","TRUE","CC-BY-NC-ND-4.0","FALSE",""
"PMC12744668","TRUE","TRUE","FALSE","TRUE","FALSE","FALSE","FALSE","FALSE","TRUE","CC-BY-NC-ND-4.0","FALSE",""
"PMC12744676","TRUE","TRUE","FALSE","TRUE","FALSE","FALSE","FALSE","FALSE","TRUE","CC-BY-NC-ND-4.0","FALSE",""
"PMC12747455","TRUE","FALSE","FALSE","FALSE","FALSE","FALSE","FALSE","FALSE","TRUE","CC-BY-NC-SA-4.0","FALSE",""
"PMC12747738","TRUE","FALSE","FALSE","FALSE","FALSE","FALSE","FALSE","FALSE","TRUE","CC-BY-NC-ND-4.0","FALSE",""
"PMC12747765","TRUE","FALSE","FALSE","TRUE","FALSE","FALSE","FALSE","FALSE","TRUE","CC-BY-NC-ND-4.0","FALSE",""
"PMC12755236","TRUE","FALSE","FALSE","FALSE","FALSE","FALSE","FALSE","FALSE","TRUE","CC-BY-NC-ND-4.0","TRUE","PRISMA"
"PMC12755444","TRUE","TRUE","FALSE","FALSE","FALSE","FALSE","FALSE","FALSE","TRUE","CC-BY-NC-ND-4.0","FALSE",""
"PMC12755471","TRUE","TRUE","FALSE","FALSE","FALSE","FALSE","FALSE","FALSE","TRUE","CC-BY-NC-ND-4.0","FALSE",""
"PMC12755491","TRUE","TRUE","FALSE","FALSE","FALSE","FALSE","FALSE","FALSE","TRUE","CC-BY-NC-ND-4.0","FALSE",""
"PMC12755492","TRUE","TRUE","FALSE","FALSE","FALSE","FALSE","FALSE","FALSE","TRUE","CC-BY-NC-ND-4.0","FALSE",""
"PMC12755572","TRUE","TRUE","TRUE","TRUE","FALSE","FALSE","FALSE","FALSE","TRUE","CC-BY-NC-ND-4.0","FALSE",""
"PMC12755575","TRUE","TRUE","FALSE","FALSE","FALSE","FALSE","FALSE","FALSE","TRUE","CC-BY-NC-ND-4.0","FALSE",""
"PMC12755597","TRUE","TRUE","FALSE","FALSE","TRUE","FALSE","FALSE","FALSE","TRUE","CC-BY-NC-ND-4.0","FALSE",""
"PMC12755630","TRUE","FALSE","FALSE","TRUE","FALSE","FALSE","FALSE","FALSE","TRUE","CC-BY-NC-ND-4.0","FALSE",""
"PMC12755645","TRUE","TRUE","FALSE","FALSE","FALSE","FALSE","FALSE","FALSE","TRUE","CC-BY-NC-ND-4.0","FALSE",""
"PMC12755653","TRUE","FALSE","FALSE","FALSE","FALSE","FALSE","FALSE","FALSE","TRUE","CC-BY-NC-ND-4.0","FALSE",""
"PMC12755655","FALSE","FALSE","FALSE","FALSE","FALSE","FALSE","FALSE","FALSE","TRUE","CC-BY-NC-ND-4.0","FALSE",""
"PMC12755695","TRUE","TRUE","FALSE","FALSE","FALSE","FALSE","FALSE","FALSE","TRUE","CC-BY-NC-ND-4.0","FALSE",""
"PMC12755697","TRUE","FALSE","FALSE","FALSE","FALSE","FALSE","FALSE","FALSE","TRUE","CC-BY-NC-ND-4.0","FALSE",""
"PMC12755715","TRUE","TRUE","FALSE","TRUE","FALSE","FALSE","FALSE","FALSE","TRUE","CC-BY-NC-ND-4.0","FALSE",""
"PMC12767548","TRUE","TRUE","TRUE","FALSE","TRUE","FALSE","FALSE","FALSE","TRUE","CC-BY-ND-4.0","FALSE",""
"PMC12769922","TRUE","TRUE","FALSE","TRUE","FALSE","FALSE","FALSE","FALSE","TRUE","CC-BY-4.0","FALSE",""
"PMC12773031","TRUE","TRUE","FALSE","TRUE","FALSE","FALSE","FALSE","FALSE","TRUE","CC-BY-NC-4.0","FALSE",""
"PMC12773033","TRUE","FALSE","FALSE","FALSE","FALSE","FALSE","FALSE","FALSE","TRUE","CC-BY-NC-4.0","FALSE",""
"PMC12773034","TRUE","TRUE","FALSE","FALSE","FALSE","FALSE","FALSE","FALSE","TRUE","CC-BY-NC-4.0","FALSE",""
"PMC12773035","TRUE","TRUE","FALSE","FALSE","FALSE","FALSE","FALSE","FALSE","TRUE","CC-BY-NC-4.0","FALSE",""
"PMC12773041","TRUE","FALSE","FALSE","FALSE","FALSE","FALSE","FALSE","FALSE","TRUE","CC-BY-NC-4.0","FALSE",""
"PMC12773044","TRUE","FALSE","FALSE","FALSE","FALSE","FALSE","FALSE","FALSE","TRUE","CC-BY-NC-4.0","FALSE",""
"PMC12773077","TRUE","FALSE","FALSE","FALSE","FALSE","FALSE","FALSE","FALSE","TRUE","CC-BY-NC-4.0","FALSE",""
"PMC12773083","TRUE","FALSE","FALSE","FALSE","FALSE","FALSE","FALSE","FALSE","TRUE","CC-BY-NC-4.0","FALSE",""
"PMC12773090","TRUE","FALSE","FALSE","TRUE","FALSE","FALSE","FALSE","FALSE","TRUE","CC-BY-NC-4.0","FALSE",""
"PMC12773092","TRUE","FALSE","FALSE","TRUE","FALSE","FALSE","FALSE","FALSE","TRUE","CC-BY-NC-4.0","FALSE",""
"PMC12773105","TRUE","FALSE","FALSE","FALSE","FALSE","FALSE","FALSE","FALSE","TRUE","CC-BY-NC-4.0","FALSE",""
"PMC12773166","TRUE","FALSE","FALSE","FALSE","FALSE","FALSE","FALSE","FALSE","TRUE","CC-BY-NC-4.0","FALSE",""
"PMC12773226","TRUE","FALSE","FALSE","FALSE","FALSE","FALSE","FALSE","FALSE","TRUE","CC-BY-NC-4.0","FALSE",""
"PMC12773228","TRUE","FALSE","FALSE","FALSE","FALSE","FALSE","FALSE","FALSE","TRUE","CC-BY-NC-4.0","FALSE",""
"PMC12773238","TRUE","FALSE","FALSE","FALSE","FALSE","FALSE","FALSE","FALSE","TRUE","CC-BY-NC-4.0","FALSE",""
"PMC12773269","TRUE","FALSE","FALSE","FALSE","FALSE","FALSE","FALSE","FALSE","TRUE","CC-BY-NC-4.0","FALSE",""
"PMC12773293","TRUE","FALSE","FALSE","FALSE","FALSE","FALSE","FALSE","FALSE","TRUE","CC-BY-NC-4.0","FALSE",""
"PMC12773319","TRUE","FALSE","FALSE","FALSE","FALSE","FALSE","FALSE","FALSE","TRUE","CC-BY-NC-4.0","FALSE",""
"PMC12773348","TRUE","FALSE","FALSE","FALSE","FALSE","FALSE","FALSE","FALSE","TRUE","CC-BY-NC-4.0","FALSE",""
"PMC12773379","TRUE","FALSE","FALSE","FALSE","FALSE","FALSE","FALSE","FALSE","TRUE","CC-BY-NC-4.0","FALSE",""
"PMC12773394","TRUE","FALSE","FALSE","FALSE","FALSE","FALSE","FALSE","FALSE","TRUE","CC-BY-NC-4.0","FALSE",""
"PMC12773396","TRUE","FALSE","FALSE","FALSE","FALSE","FALSE","FALSE","FALSE","TRUE","CC-BY-NC-4.0","FALSE",""
"PMC12773406","TRUE","FALSE","FALSE","FALSE","FALSE","FALSE","FALSE","FALSE","TRUE","CC-BY-NC-4.0","FALSE",""
"PMC12773428","TRUE","TRUE","FALSE","FALSE","FALSE","FALSE","FALSE","FALSE","TRUE","CC-BY-NC-4.0","FALSE",""
"PMC12773431","TRUE","TRUE","FALSE","FALSE","FALSE","FALSE","FALSE","FALSE","TRUE","CC-BY-NC-4.0","FALSE",""
"PMC12773449","TRUE","FALSE","FALSE","FALSE","FALSE","FALSE","FALSE","FALSE","TRUE","CC-BY-NC-4.0","FALSE",""
"PMC12773471","TRUE","TRUE","FALSE","FALSE","FALSE","FALSE","FALSE","FALSE","TRUE","CC-BY-NC-4.0","FALSE",""
"PMC12773496","TRUE","FALSE","FALSE","FALSE","FALSE","FALSE","FALSE","FALSE","TRUE","CC-BY-NC-4.0","FALSE",""
"PMC12773502","TRUE","FALSE","FALSE","FALSE","FALSE","FALSE","FALSE","FALSE","TRUE","CC-BY-NC-4.0","FALSE",""
"PMC12773512","TRUE","FALSE","FALSE","FALSE","FALSE","FALSE","FALSE","FALSE","TRUE","CC-BY-NC-4.0","FALSE",""
"PMC12773538","TRUE","FALSE","FALSE","FALSE","FALSE","FALSE","FALSE","FALSE","TRUE","CC-BY-NC-4.0","FALSE",""
"PMC12773566","TRUE","FALSE","FALSE","FALSE","FALSE","FALSE","FALSE","FALSE","TRUE","CC-BY-NC-4.0","FALSE",""
"PMC12773575","TRUE","FALSE","FALSE","FALSE","FALSE","FALSE","FALSE","FALSE","TRUE","CC-BY-NC-4.0","FALSE",""
"PMC12773605","TRUE","FALSE","FALSE","FALSE","FALSE","FALSE","FALSE","FALSE","TRUE","CC-BY-NC-4.0","FALSE",""
"PMC12778603","TRUE","FALSE","FALSE","FALSE","FALSE","FALSE","FALSE","FALSE","TRUE","CC-BY-NC-ND-4.0","FALSE",""
"PMC12778637","TRUE","FALSE","FALSE","FALSE","FALSE","FALSE","FALSE","FALSE","TRUE","CC-BY-NC-4.0","FALSE",""
"PMC12778642","TRUE","TRUE","FALSE","FALSE","FALSE","FALSE","FALSE","FALSE","TRUE","CC-BY-NC-4.0","FALSE",""
"PMC12778646","TRUE","TRUE","FALSE","FALSE","FALSE","FALSE","FALSE","FALSE","TRUE","CC-BY-NC-4.0","FALSE",""
"PMC12778662","TRUE","FALSE","FALSE","FALSE","FALSE","FALSE","FALSE","FALSE","TRUE","CC-BY-NC-4.0","FALSE",""
"PMC12778664","TRUE","FALSE","FALSE","FALSE","FALSE","FALSE","FALSE","FALSE","TRUE","CC-BY-4.0","FALSE",""
"PMC12778670","TRUE","TRUE","FALSE","FALSE","FALSE","FALSE","FALSE","FALSE","TRUE","CC-BY-4.0","TRUE","STROBE"
"PMC12778672","TRUE","FALSE","FALSE","FALSE","FALSE","FALSE","FALSE","FALSE","TRUE","CC-BY-NC-ND-4.0","FALSE",""
"PMC12778687","TRUE","FALSE","FALSE","FALSE","FALSE","FALSE","FALSE","FALSE","TRUE","CC-BY-4.0","TRUE","STROBE"
"PMC12778696","TRUE","FALSE","FALSE","FALSE","FALSE","FALSE","FALSE","FALSE","TRUE","CC-BY-NC-ND-4.0","FALSE",""
"PMC12778698","FALSE","FALSE","FALSE","FALSE","FALSE","FALSE","FALSE","FALSE","TRUE","CC-BY-NC-4.0","FALSE",""
"PMC12778710","TRUE","TRUE","TRUE","FALSE","FALSE","FALSE","FALSE","FALSE","TRUE","CC-BY-NC-4.0","FALSE",""
"PMC12778712","TRUE","FALSE","FALSE","FALSE","FALSE","FALSE","FALSE","FALSE","TRUE","CC-BY-NC-4.0","FALSE",""
"PMC12778715","TRUE","TRUE","FALSE","FALSE","FALSE","FALSE","FALSE","FALSE","TRUE","CC-BY-NC-4.0","FALSE",""
"PMC12778716","TRUE","FALSE","FALSE","FALSE","FALSE","FALSE","FALSE","FALSE","TRUE","CC-BY-NC-4.0","FALSE",""
"PMC12778729","TRUE","TRUE","FALSE","FALSE","FALSE","FALSE","FALSE","FALSE","TRUE","CC-BY-NC-4.0","TRUE","STROBE"
"PMC12778730","TRUE","FALSE","FALSE","TRUE","FALSE","FALSE","FALSE","FALSE","TRUE","CC-BY-NC-4.0","FALSE",""
"PMC12778732","FALSE","FALSE","FALSE","FALSE","FALSE","FALSE","FALSE","FALSE","TRUE","CC-BY-NC-4.0","FALSE",""
"PMC12782782","TRUE","FALSE","FALSE","FALSE","FALSE","FALSE","FALSE","FALSE","TRUE","CC-BY-NC-4.0","FALSE",""
"PMC12782783","TRUE","TRUE","FALSE","FALSE","FALSE","TRUE","FALSE","FALSE","TRUE","CC-BY-NC-4.0","FALSE",""
"PMC12788788","TRUE","TRUE","FALSE","FALSE","FALSE","FALSE","FALSE","FALSE","TRUE","CC-BY-NC-4.0","FALSE",""
"PMC12788789","TRUE","FALSE","FALSE","FALSE","FALSE","FALSE","FALSE","FALSE","TRUE","CC-BY-NC-4.0","FALSE",""
"PMC12800755","TRUE","TRUE","FALSE","FALSE","FALSE","FALSE","FALSE","FALSE","TRUE","CC-BY-NC-ND-4.0","FALSE",""
"PMC12800762","TRUE","TRUE","FALSE","FALSE","FALSE","FALSE","FALSE","FALSE","TRUE","CC-BY-NC-ND-4.0","FALSE",""
"PMC12802714","TRUE","TRUE","FALSE","FALSE","FALSE","TRUE","FALSE","FALSE","TRUE","CC-BY-4.0","FALSE",""
"PMC12802716","TRUE","FALSE","FALSE","FALSE","FALSE","FALSE","FALSE","FALSE","TRUE","CC-BY-4.0","FALSE",""
"PMC12802751","TRUE","TRUE","FALSE","FALSE","FALSE","FALSE","FALSE","FALSE","TRUE","CC-BY-4.0","FALSE",""
"PMC12802784","TRUE","FALSE","FALSE","FALSE","FALSE","TRUE","FALSE","FALSE","TRUE","CC-BY-4.0","TRUE","PRISMA"
"PMC12806905","TRUE","TRUE","FALSE","TRUE","TRUE","FALSE","FALSE","FALSE","TRUE","CC-BY-4.0","FALSE",""
"PMC12807002","TRUE","TRUE","FALSE","FALSE","FALSE","FALSE","FALSE","FALSE","TRUE","CC-BY-4.0","FALSE",""
"PMC12825924","TRUE","TRUE","FALSE","FALSE","FALSE","FALSE","FALSE","FALSE","TRUE","CC-BY-4.0","FALSE",""
"PMC12825935","TRUE","TRUE","FALSE","FALSE","FALSE","FALSE","FALSE","FALSE","TRUE","CC-BY-4.0","FALSE",""
"PMC12825973","TRUE","TRUE","FALSE","TRUE","FALSE","TRUE","FALSE","FALSE","TRUE","CC-BY-4.0","FALSE",""
"PMC12831831","TRUE","TRUE","FALSE","FALSE","FALSE","FALSE","FALSE","FALSE","TRUE","CC-BY-4.0","TRUE","SPIRIT"
"PMC12834610","FALSE","TRUE","FALSE","FALSE","FALSE","FALSE","FALSE","FALSE","TRUE","CC-BY-4.0","FALSE",""
"PMC12836560","TRUE","FALSE","FALSE","FALSE","FALSE","FALSE","FALSE","FALSE","TRUE","CC-BY-4.0","FALSE",""
"PMC12836656","TRUE","TRUE","FALSE","FALSE","FALSE","FALSE","FALSE","FALSE","TRUE","CC-BY-NC-ND-4.0","FALSE",""
"PMC12836676","TRUE","FALSE","FALSE","FALSE","FALSE","FALSE","FALSE","FALSE","TRUE","CC-BY-NC-ND-4.0","FALSE",""
"PMC12836720","TRUE","TRUE","TRUE","FALSE","FALSE","FALSE","FALSE","FALSE","TRUE","CC-BY-NC-ND-4.0","FALSE",""
"PMC12848150","TRUE","TRUE","FALSE","FALSE","FALSE","FALSE","FALSE","FALSE","TRUE","CC-BY-NC-ND-4.0","FALSE",""
"PMC12848186","TRUE","TRUE","FALSE","FALSE","FALSE","FALSE","FALSE","FALSE","TRUE","CC-BY-4.0","FALSE",""
"PMC12850726","FALSE","FALSE","FALSE","FALSE","FALSE","FALSE","FALSE","FALSE","TRUE","CC-BY-4.0","FALSE",""
"PMC12850764","TRUE","FALSE","FALSE","FALSE","FALSE","FALSE","FALSE","FALSE","TRUE","CC-BY-NC-ND-4.0","FALSE",""
"PMC12850778","TRUE","FALSE","FALSE","TRUE","FALSE","FALSE","FALSE","FALSE","TRUE","CC-BY-NC-ND-4.0","FALSE",""
"PMC12850818","TRUE","FALSE","FALSE","FALSE","FALSE","FALSE","FALSE","FALSE","TRUE","CC-BY-4.0","FALSE",""
"PMC12850826","TRUE","FALSE","FALSE","TRUE","FALSE","FALSE","FALSE","FALSE","TRUE","CC-BY-NC-ND-4.0","FALSE",""
"PMC12850839","TRUE","FALSE","FALSE","TRUE","TRUE","FALSE","FALSE","FALSE","TRUE","CC-BY-NC-ND-4.0","FALSE",""
"PMC12850845","TRUE","FALSE","FALSE","TRUE","FALSE","FALSE","FALSE","FALSE","TRUE","CC-BY-NC-ND-4.0","FALSE",""
"PMC12850850","TRUE","TRUE","TRUE","FALSE","FALSE","FALSE","FALSE","FALSE","TRUE","CC-BY-NC-ND-4.0","FALSE",""
"PMC12850857","TRUE","FALSE","FALSE","FALSE","FALSE","FALSE","FALSE","FALSE","TRUE","CC-BY-NC-ND-4.0","FALSE",""
"PMC12850859","TRUE","FALSE","FALSE","FALSE","FALSE","FALSE","FALSE","FALSE","TRUE","CC-BY-4.0","FALSE",""
"PMC12850882","TRUE","FALSE","FALSE","FALSE","FALSE","FALSE","FALSE","FALSE","TRUE","CC-BY-NC-ND-4.0","FALSE",""
"PMC12850912","TRUE","TRUE","FALSE","FALSE","FALSE","FALSE","FALSE","FALSE","TRUE","CC-BY-NC-ND-4.0","FALSE",""
"PMC12850914","TRUE","FALSE","FALSE","FALSE","FALSE","FALSE","FALSE","FALSE","TRUE","CC-BY-4.0","FALSE",""
"PMC12851045","TRUE","FALSE","FALSE","TRUE","FALSE","FALSE","FALSE","FALSE","TRUE","CC-BY-NC-ND-4.0","FALSE",""
"PMC12851080","TRUE","FALSE","FALSE","FALSE","FALSE","FALSE","FALSE","FALSE","TRUE","CC-BY-NC-ND-4.0","FALSE",""
"PMC12851082","TRUE","FALSE","FALSE","TRUE","FALSE","FALSE","FALSE","FALSE","TRUE","CC-BY-NC-ND-4.0","FALSE",""
"PMC12851091","TRUE","FALSE","FALSE","FALSE","FALSE","FALSE","FALSE","FALSE","TRUE","CC-BY-4.0","FALSE",""
"PMC12851101","TRUE","FALSE","FALSE","FALSE","FALSE","FALSE","FALSE","FALSE","TRUE","CC-BY-4.0","FALSE",""
"PMC12851301","TRUE","TRUE","FALSE","FALSE","FALSE","FALSE","FALSE","FALSE","TRUE","CC-BY-NC-ND-4.0","TRUE","PRISMA"
"PMC12851383","TRUE","TRUE","FALSE","FALSE","FALSE","FALSE","FALSE","FALSE","TRUE","CC-BY-NC-ND-4.0","FALSE",""
"PMC12858578","TRUE","TRUE","FALSE","FALSE","FALSE","FALSE","FALSE","FALSE","TRUE","CC-BY-NC-4.0","FALSE",""
"PMC12864696","TRUE","TRUE","FALSE","FALSE","FALSE","FALSE","FALSE","FALSE","TRUE","CC-BY-4.0","TRUE","CONSORT"
"PMC12869750","TRUE","TRUE","FALSE","TRUE","FALSE","FALSE","TRUE","FALSE","TRUE","CC-BY-4.0","FALSE",""
"PMC12869768","TRUE","TRUE","FALSE","FALSE","FALSE","FALSE","FALSE","FALSE","TRUE","CC-BY-NC-ND-4.0","FALSE",""
"PMC12876671","TRUE","TRUE","FALSE","FALSE","FALSE","FALSE","FALSE","FALSE","TRUE","CC-BY-NC-ND-4.0","FALSE",""
"PMC12876750","TRUE","FALSE","FALSE","TRUE","FALSE","FALSE","FALSE","FALSE","TRUE","CC-BY-NC-ND-4.0","FALSE",""
"PMC12877225","TRUE","FALSE","FALSE","FALSE","FALSE","FALSE","FALSE","FALSE","TRUE","CC-BY-NC-ND-4.0","FALSE",""
"PMC12877234","TRUE","TRUE","FALSE","TRUE","FALSE","TRUE","TRUE","FALSE","TRUE","CC-BY-NC-ND-4.0","TRUE","STROBE"
"PMC12877607","TRUE","TRUE","FALSE","TRUE","FALSE","FALSE","FALSE","FALSE","TRUE","CC-BY-NC-ND-4.0","FALSE",""
"PMC12877663","TRUE","FALSE","FALSE","FALSE","FALSE","FALSE","FALSE","FALSE","TRUE","CC-BY-4.0","FALSE",""
"PMC12877664","TRUE","TRUE","TRUE","FALSE","FALSE","FALSE","FALSE","FALSE","TRUE","CC-BY-NC-ND-4.0","FALSE",""
"PMC12878579","TRUE","TRUE","TRUE","FALSE","FALSE","FALSE","FALSE","FALSE","TRUE","CC-BY-NC-ND-4.0","FALSE",""
"PMC12878596","TRUE","FALSE","TRUE","TRUE","FALSE","FALSE","FALSE","FALSE","TRUE","CC-BY-NC-ND-4.0","TRUE","PRISMA"
"PMC12880021","TRUE","TRUE","FALSE","TRUE","FALSE","FALSE","FALSE","FALSE","TRUE","CC-BY-NC-ND-4.0","FALSE",""
"PMC12880054","TRUE","FALSE","FALSE","FALSE","FALSE","FALSE","FALSE","FALSE","TRUE","CC-BY-NC-ND-4.0","FALSE",""
"PMC12880058","TRUE","TRUE","FALSE","TRUE","FALSE","FALSE","FALSE","FALSE","TRUE","CC-BY-4.0","FALSE",""
"PMC12880059","TRUE","TRUE","FALSE","TRUE","FALSE","FALSE","FALSE",,"TRUE","CC-BY-NC-ND-4.0","FALSE",""
"PMC12880069","TRUE","TRUE","FALSE","TRUE","FALSE","FALSE","FALSE","FALSE","TRUE","CC-BY-NC-ND-4.0","FALSE",""
"PMC12880375","TRUE","FALSE","FALSE","FALSE","FALSE","FALSE","FALSE","FALSE","TRUE","CC-BY-NC-ND-4.0","FALSE",""
"PMC12880432","TRUE","TRUE","FALSE","TRUE","FALSE","FALSE","FALSE","FALSE","TRUE","CC-BY-NC-ND-4.0","FALSE",""
"PMC12880492","TRUE","TRUE","FALSE","TRUE","TRUE","FALSE","FALSE","FALSE","TRUE","CC-BY-NC-ND-4.0","FALSE",""
"PMC12880493","TRUE","TRUE","FALSE","TRUE","FALSE","FALSE","FALSE","FALSE","TRUE","CC-BY-NC-ND-4.0","FALSE",""
"PMC12880497","TRUE","FALSE","FALSE","FALSE","FALSE","FALSE","FALSE","FALSE","TRUE","CC-BY-NC-ND-4.0","FALSE",""
"PMC12882899","TRUE","TRUE","FALSE","FALSE","TRUE","FALSE","FALSE","FALSE","TRUE","CC-BY-NC-4.0","FALSE",""
"PMC12883040","TRUE","TRUE","TRUE","FALSE","TRUE","FALSE","FALSE","TRUE","TRUE","CC-BY-NC-3.0","TRUE","PRISMA"
"PMC12883135","TRUE","FALSE","FALSE","FALSE","TRUE","FALSE","FALSE","TRUE","TRUE","CC-BY-NC-SA-4.0","FALSE",""
"PMC12883175","TRUE","TRUE","TRUE","FALSE","TRUE","FALSE","FALSE","TRUE","TRUE","CC-BY-NC-3.0","TRUE","PRISMA; TRIPOD"
"PMC12884219","TRUE","FALSE","FALSE","TRUE","TRUE","FALSE","FALSE","FALSE","TRUE","CC-BY-4.0","TRUE","TRIPOD"
"PMC12884253","TRUE","TRUE","FALSE","FALSE","TRUE","TRUE","FALSE","FALSE","TRUE","CC-BY-NC-ND-4.0","FALSE",""
"PMC12885574","TRUE","TRUE","FALSE","FALSE","TRUE","FALSE","FALSE","FALSE","TRUE","CC-BY-NC-ND-4.0","FALSE",""
"PMC12885629","TRUE","TRUE","FALSE","TRUE","TRUE","FALSE","FALSE","FALSE","TRUE","CC-BY-4.0","FALSE",""
"PMC12885858","TRUE","FALSE","FALSE","FALSE","TRUE","FALSE","FALSE","FALSE","TRUE","CC-BY-4.0","FALSE",""
"PMC12888004","TRUE","TRUE","FALSE","TRUE","TRUE","FALSE","FALSE","FALSE","TRUE","CC-BY-NC-ND-4.0","FALSE",""
"PMC12889110","TRUE","TRUE","FALSE","FALSE","TRUE","TRUE","TRUE","TRUE","TRUE","CC-BY-4.0","FALSE",""
"PMC12889416","TRUE","TRUE","FALSE","TRUE","TRUE","TRUE","FALSE","FALSE","TRUE","CC-BY-4.0","FALSE",""
"PMC12889957","TRUE","FALSE","FALSE","FALSE","TRUE","FALSE","FALSE","FALSE","TRUE","CC-BY-NC-ND-4.0","TRUE","TRIPOD"
"PMC12890014","TRUE","TRUE","FALSE","FALSE","TRUE","FALSE","FALSE","FALSE","TRUE","CC-BY-4.0","FALSE",""
"PMC12890454","TRUE","TRUE","FALSE","FALSE","TRUE","FALSE","FALSE","FALSE","TRUE","CC-BY-4.0","TRUE","STROBE"
"PMC12890729","TRUE","TRUE","FALSE","FALSE","TRUE","FALSE","FALSE","FALSE","TRUE","CC-BY-4.0","TRUE","STROBE"
"PMC12893148","TRUE","FALSE","FALSE","FALSE","TRUE","FALSE","FALSE","FALSE","TRUE","CC-BY-NC-ND-4.0","FALSE",""
"PMC12893158","TRUE","FALSE","FALSE","FALSE","TRUE","FALSE","FALSE","FALSE","TRUE","CC-BY-4.0","FALSE",""
"PMC12894485","TRUE","TRUE","TRUE","FALSE","TRUE","TRUE","TRUE","FALSE","TRUE","CC-BY-4.0","FALSE",""
"PMC12894507","TRUE","TRUE","FALSE","FALSE","TRUE","FALSE","FALSE","FALSE","TRUE","CC-BY-4.0","FALSE",""
"PMC12901166","TRUE","TRUE","FALSE","FALSE","TRUE","FALSE","FALSE","FALSE","TRUE","CC-BY-4.0","FALSE",""
"PMC12901531","TRUE","TRUE","FALSE","FALSE","TRUE","TRUE","FALSE","FALSE","TRUE","CC-BY-4.0","FALSE",""
"PMC12901730","TRUE","FALSE","FALSE","FALSE","TRUE","TRUE","FALSE","FALSE","TRUE","CC-BY-4.0","FALSE",""
"PMC12902291","TRUE","FALSE","FALSE","FALSE","TRUE","FALSE","FALSE","FALSE","TRUE","CC-BY-NC-ND-4.0","FALSE",""
"PMC12904021","TRUE","TRUE","FALSE","FALSE","TRUE","TRUE","FALSE","FALSE","TRUE","CC-BY-4.0","FALSE",""
"PMC12904214","TRUE","TRUE","TRUE","TRUE","TRUE","FALSE","FALSE","FALSE","TRUE","CC-BY-4.0","TRUE","TRIPOD"
"PMC12904269","TRUE","TRUE","TRUE","TRUE","FALSE","FALSE","FALSE","FALSE","TRUE","CC-BY-4.0","FALSE",""
"PMC12904273","TRUE","TRUE","FALSE","FALSE","FALSE","FALSE","FALSE","FALSE","TRUE","CC-BY-4.0","FALSE",""
"PMC12904968","TRUE","TRUE","FALSE","TRUE","TRUE","FALSE","FALSE","FALSE","TRUE","CC-BY-4.0","FALSE",""
"PMC12905837","TRUE","TRUE","FALSE","TRUE","TRUE","FALSE","FALSE","FALSE","TRUE","CC-BY-NC-ND-4.0","FALSE",""
"PMC12906588","TRUE","TRUE","FALSE","TRUE","TRUE","FALSE","FALSE","FALSE","TRUE","CC-BY-NC-ND-4.0","FALSE",""
"PMC12907010","TRUE","TRUE","FALSE","FALSE","TRUE","TRUE","TRUE","FALSE","TRUE","CC-BY-NC-ND-4.0","FALSE",""
"PMC12907094","TRUE","TRUE","FALSE","FALSE","TRUE","FALSE","FALSE","FALSE","TRUE","CC-BY-4.0","TRUE","ARRIVE"
"PMC12908439","TRUE","TRUE","FALSE","TRUE","FALSE","FALSE","FALSE","FALSE","TRUE","CC-BY-4.0","FALSE",""
"PMC12908639","TRUE","TRUE","TRUE","FALSE","TRUE","FALSE","FALSE","FALSE","TRUE","CC-BY-NC-ND-4.0","FALSE",""
"PMC12909002","TRUE","TRUE","FALSE","TRUE","TRUE","FALSE","FALSE","FALSE","TRUE","CC-BY-NC-ND-4.0","FALSE",""
"PMC12909065","TRUE","TRUE","FALSE","FALSE","TRUE","FALSE","FALSE","FALSE","TRUE","CC-BY-4.0","FALSE",""
"PMC12909398","TRUE","TRUE","FALSE","FALSE","TRUE","FALSE","FALSE","FALSE","TRUE","CC-BY-4.0","TRUE","PRISMA"
"PMC12910196","TRUE","FALSE","FALSE","TRUE","TRUE","TRUE","FALSE","FALSE","TRUE","CC-BY-4.0","FALSE",""
"PMC12910369","TRUE","TRUE","TRUE","TRUE","FALSE","FALSE","FALSE","FALSE","TRUE","CC-BY-4.0","FALSE",""
"PMC12911016","TRUE","TRUE","TRUE","FALSE","TRUE","FALSE","FALSE","FALSE","TRUE","CC-BY-NC-ND-4.0","TRUE","PRISMA; TRIPOD"
"PMC12912376","TRUE","TRUE","FALSE","TRUE","TRUE","FALSE","FALSE","FALSE","TRUE","CC-BY-4.0","FALSE",""
"PMC12914466","TRUE","TRUE","FALSE","FALSE","TRUE","FALSE","FALSE","FALSE","TRUE","CC-BY-NC-4.0","TRUE","TRIPOD"
"PMC12915391","TRUE","TRUE","TRUE","FALSE","TRUE","FALSE","FALSE","TRUE","TRUE","CC-BY-4.0","FALSE",""
"PMC12916299","TRUE","TRUE","FALSE","FALSE","TRUE","FALSE","FALSE","FALSE","TRUE","CC-BY-4.0","FALSE",""
"PMC12916479","TRUE","TRUE","FALSE","TRUE","TRUE","TRUE","FALSE","FALSE","TRUE","CC-BY-4.0","FALSE",""
"PMC12916723","TRUE","TRUE","FALSE","TRUE","TRUE","FALSE","FALSE","FALSE","TRUE","CC-BY-4.0","FALSE",""
"PMC12917932","TRUE","TRUE","FALSE","TRUE","FALSE","FALSE","FALSE","FALSE","TRUE","CC-BY-4.0","FALSE",""
"PMC12919694","TRUE","FALSE","FALSE","TRUE","TRUE","FALSE","FALSE","FALSE","TRUE","CC-BY-4.0","FALSE",""
"PMC12920340","TRUE","TRUE","FALSE","FALSE","TRUE","FALSE","TRUE","FALSE","TRUE","CC-BY-NC-ND-4.0","FALSE",""
"PMC12921079","TRUE","TRUE","FALSE","FALSE","TRUE","FALSE","FALSE","FALSE","TRUE","CC-BY-4.0","FALSE",""
"PMC12924064","TRUE","FALSE","FALSE","TRUE","TRUE","FALSE","FALSE","FALSE","TRUE","CC-BY-NC-SA-4.0","FALSE",""
"PMC12925864","TRUE","FALSE","FALSE","TRUE","TRUE","FALSE","TRUE","TRUE","TRUE","CC-BY-4.0","FALSE",""
"PMC12929056","TRUE","TRUE","FALSE","TRUE","FALSE","TRUE","FALSE","FALSE","TRUE","CC-BY-NC-ND-4.0","FALSE",""
"PMC12929335","TRUE","TRUE","FALSE","FALSE","TRUE","FALSE","FALSE","FALSE","TRUE","CC-BY-4.0","FALSE",""
"PMC12929981","TRUE","FALSE","FALSE","TRUE","FALSE","FALSE","FALSE","FALSE","TRUE","CC-BY-4.0","FALSE",""
"PMC12929996","TRUE","TRUE","FALSE","FALSE","FALSE","FALSE","FALSE","FALSE","TRUE","CC-BY-NC-ND-4.0","FALSE",""
"PMC12929998","TRUE","FALSE","TRUE","TRUE","FALSE","FALSE","FALSE","FALSE","TRUE","CC-BY-NC-ND-4.0","TRUE","PRISMA"
"PMC12930051","TRUE","TRUE","FALSE","TRUE","FALSE","FALSE","FALSE","FALSE","TRUE","CC-BY-4.0","FALSE",""
"PMC12930790","TRUE","TRUE","FALSE","FALSE","FALSE","FALSE","FALSE","FALSE","TRUE","CC-BY-NC-ND-4.0","TRUE","STROBE"
"PMC12931229","TRUE","TRUE","FALSE","FALSE","TRUE","FALSE","TRUE","FALSE","TRUE","CC-BY-4.0","FALSE",""
"PMC12931352","TRUE","TRUE","FALSE","TRUE","FALSE","FALSE","FALSE","FALSE","TRUE","CC-BY-4.0","FALSE",""
"PMC12931360","TRUE","TRUE","TRUE","FALSE","TRUE","FALSE","FALSE","FALSE","TRUE","CC-BY-NC-4.0","TRUE","PRISMA; TRIPOD"
"PMC12931425","TRUE","TRUE","FALSE","FALSE","FALSE","FALSE","FALSE","FALSE","TRUE","CC-BY-4.0","TRUE","PRISMA"
"PMC12935339","TRUE","TRUE","FALSE","FALSE","TRUE","FALSE","FALSE","FALSE","TRUE","CC-BY-NC-ND-4.0","TRUE","TRIPOD"
"PMC12935353","TRUE","FALSE","FALSE","FALSE","TRUE","FALSE","FALSE","FALSE","TRUE","CC-BY-NC-ND-4.0","TRUE","STROBE"
"PMC12935365","TRUE","TRUE","FALSE","TRUE","TRUE","FALSE","FALSE","FALSE","TRUE","CC-BY-NC-ND-4.0","FALSE",""
"PMC12936628","TRUE","FALSE","FALSE","FALSE","TRUE","FALSE","FALSE","FALSE","TRUE","CC-BY-NC-4.0","TRUE","STROBE"
"PMC12936733","TRUE","TRUE","FALSE","FALSE","TRUE","FALSE","FALSE","FALSE","TRUE","CC-BY-4.0","FALSE",""
"PMC12946588","TRUE","TRUE","FALSE","FALSE","TRUE","FALSE","TRUE","FALSE","TRUE","CC-BY-NC-ND-4.0","FALSE",""
"PMC12948812","TRUE","FALSE","FALSE","FALSE","FALSE","FALSE","FALSE","FALSE","TRUE","CC-BY-4.0","FALSE",""
"PMC12950066","TRUE","TRUE","FALSE","FALSE","TRUE","TRUE","TRUE","FALSE","TRUE","CC-BY-4.0","FALSE",""
"PMC12950934","TRUE","TRUE","FALSE","FALSE","FALSE","FALSE","FALSE","FALSE","TRUE","CC-BY-4.0","FALSE",""
"PMC12951110","TRUE","TRUE","FALSE","FALSE","TRUE","FALSE","FALSE","FALSE","TRUE","CC-BY-NC-4.0","FALSE",""
"PMC12951824","TRUE","TRUE","FALSE","TRUE","TRUE","FALSE","FALSE","FALSE","TRUE","CC-BY-NC-ND-4.0","FALSE",""
"PMC12952332","TRUE","TRUE","FALSE","FALSE","FALSE","TRUE","FALSE","FALSE","TRUE","CC-BY-4.0","FALSE",""
"PMC12952339","TRUE","TRUE","FALSE","FALSE","TRUE","FALSE","FALSE","FALSE","TRUE","CC-BY-4.0","FALSE",""
"PMC12952342","TRUE","TRUE","FALSE","FALSE","TRUE","TRUE","FALSE","FALSE","TRUE","CC-BY-4.0","FALSE",""
"PMC12952369","TRUE","TRUE","FALSE","FALSE","TRUE","FALSE","FALSE","TRUE","TRUE","CC-BY-4.0","FALSE",""
"PMC12952385","TRUE","FALSE","FALSE","FALSE","FALSE","FALSE","FALSE","FALSE","TRUE","CC-BY-4.0","FALSE",""
"PMC12952386","TRUE","TRUE","FALSE","FALSE","FALSE","TRUE","FALSE","FALSE","TRUE","CC-BY-4.0","FALSE",""
"PMC12952391","TRUE","TRUE","FALSE","FALSE","FALSE","FALSE","FALSE","FALSE","TRUE","CC-BY-4.0","FALSE",""
"PMC12952436","TRUE","TRUE","FALSE","TRUE","FALSE","FALSE","FALSE","FALSE","TRUE","CC-BY-4.0","FALSE",""
"PMC12952457","TRUE","FALSE","FALSE","TRUE","FALSE","TRUE","FALSE","FALSE","TRUE","CC-BY-4.0","TRUE","PRISMA"
"PMC12952469","TRUE","TRUE","FALSE","FALSE","FALSE","FALSE","FALSE","FALSE","TRUE","CC-BY-4.0","FALSE",""
"PMC12952472","TRUE","FALSE","FALSE","FALSE","FALSE","FALSE","FALSE","FALSE","TRUE","CC-BY-4.0","FALSE",""
"PMC12953305","TRUE","TRUE","TRUE","FALSE","TRUE","FALSE","TRUE","TRUE","TRUE","CC-BY-4.0","TRUE","PRISMA"
"PMC12954164","TRUE","TRUE","FALSE","FALSE","TRUE","TRUE","FALSE","FALSE","TRUE","CC-BY-NC-ND-4.0","FALSE",""
"PMC12956258","TRUE","TRUE","FALSE","FALSE","TRUE","TRUE","FALSE","FALSE","TRUE","CC-BY-NC-ND-4.0","FALSE",""
"PMC12956490","TRUE","FALSE","FALSE","FALSE","FALSE","FALSE","FALSE","FALSE","TRUE","CC-BY-4.0","FALSE",""
"PMC12956578","TRUE","FALSE","FALSE","FALSE","FALSE","FALSE","FALSE","FALSE","TRUE","CC-BY-4.0","FALSE",""
"PMC12956950","TRUE","FALSE","FALSE","FALSE","FALSE","FALSE","FALSE","FALSE","TRUE","CC-BY-4.0","FALSE",""
"PMC12957788","TRUE","TRUE","FALSE","TRUE","FALSE","TRUE","FALSE","FALSE","TRUE","CC-BY-NC-ND-4.0","TRUE","REMARK"
"PMC12957791","TRUE","TRUE","FALSE","FALSE","TRUE","TRUE","FALSE","FALSE","TRUE","CC-BY-NC-ND-4.0","FALSE",""
"PMC12957801","TRUE","TRUE","TRUE","TRUE","TRUE","TRUE","FALSE","FALSE","TRUE","CC-BY-NC-ND-4.0","FALSE",""
"PMC12959576","TRUE","TRUE","FALSE","FALSE","FALSE","FALSE","FALSE","FALSE","TRUE","CC-BY-NC-ND-4.0","FALSE",""
"PMC12961060","TRUE","TRUE","FALSE","FALSE","TRUE","FALSE","FALSE","FALSE","TRUE","CC-BY-4.0","FALSE",""
"PMC12961627","TRUE","TRUE","FALSE","FALSE","FALSE","FALSE","FALSE","FALSE","TRUE","CC-BY-NC-ND-4.0","FALSE",""
"PMC12961818","TRUE","FALSE","FALSE","FALSE","FALSE","FALSE","FALSE","FALSE","TRUE","CC-BY-4.0","FALSE",""
"PMC12962025","TRUE","TRUE","FALSE","FALSE","TRUE","FALSE","FALSE","FALSE","TRUE","CC-BY-NC-ND-4.0","FALSE",""
"PMC12963482","TRUE","TRUE","FALSE","FALSE","TRUE","FALSE","FALSE","FALSE","TRUE","CC-BY-4.0","FALSE",""
"PMC12963807","FALSE","TRUE","FALSE","FALSE","TRUE","FALSE","TRUE","FALSE","TRUE","CC-BY-NC-4.0","FALSE",""
"PMC12965330","TRUE","FALSE","FALSE","FALSE","TRUE","FALSE","TRUE","FALSE","TRUE","CC-BY-NC-4.0","TRUE","TRIPOD"
"PMC12965793","TRUE","FALSE","FALSE","FALSE","TRUE","FALSE","FALSE","TRUE","TRUE","CC-BY-4.0","FALSE",""
"PMC12966126","TRUE","FALSE","FALSE","FALSE","TRUE","FALSE","FALSE",,"TRUE","CC-BY-NC-ND-4.0","FALSE",""
"PMC12967842","TRUE","TRUE","FALSE","FALSE","TRUE","TRUE","FALSE","FALSE","TRUE","CC-BY-4.0","TRUE","ARRIVE"
"PMC12968455","TRUE","TRUE","FALSE","TRUE","FALSE","FALSE","FALSE","FALSE","TRUE","CC-BY-NC-ND-4.0","FALSE",""
"PMC12971772","TRUE","FALSE","FALSE","FALSE","TRUE","FALSE","FALSE","FALSE","TRUE","CC-BY-4.0","TRUE","PRISMA"
"PMC12972649","TRUE","TRUE","FALSE","FALSE","TRUE","FALSE","FALSE","FALSE","TRUE","CC-BY-4.0","FALSE",""
"PMC12975373","TRUE","TRUE","TRUE","TRUE","TRUE","FALSE","FALSE","FALSE","TRUE","CC-BY-4.0","FALSE",""
"PMC12975412","TRUE","TRUE","FALSE","FALSE","TRUE","TRUE","FALSE","TRUE","TRUE","CC-BY-4.0","TRUE","TRIPOD"
"PMC12976525","TRUE","TRUE","FALSE","TRUE","TRUE","TRUE","FALSE","FALSE","TRUE","CC-BY-4.0","TRUE","STROBE"
"PMC12977259","TRUE","TRUE","FALSE","FALSE","FALSE","FALSE","FALSE","FALSE","TRUE","CC-BY-4.0","FALSE",""
"PMC12978283","TRUE","FALSE","FALSE","FALSE","FALSE","FALSE","FALSE","TRUE","TRUE","CC-BY-4.0","FALSE",""
"PMC12980585","TRUE","FALSE","FALSE","FALSE","FALSE","FALSE","FALSE","FALSE","TRUE","CC-BY-NC-ND-4.0","FALSE",""
"PMC12980611","TRUE","FALSE","FALSE","FALSE","FALSE","FALSE","FALSE","FALSE","TRUE","CC-BY-NC-ND-4.0","FALSE",""
"PMC12980619","TRUE","FALSE","FALSE","FALSE","FALSE","FALSE","FALSE","FALSE","TRUE","CC-BY-4.0","FALSE",""
"PMC12982223","TRUE","TRUE","FALSE","FALSE","FALSE","FALSE","FALSE","FALSE","TRUE","CC-BY-NC-ND-4.0","FALSE",""
"PMC12982645","TRUE","TRUE","FALSE","FALSE","TRUE","FALSE","FALSE","FALSE","TRUE","CC-BY-NC-4.0","FALSE",""
"PMC12985365","TRUE","TRUE","FALSE","FALSE","TRUE","TRUE","TRUE","FALSE","TRUE","CC-BY-4.0","FALSE",""
"PMC12987794","TRUE","TRUE","FALSE","TRUE","TRUE","FALSE","FALSE","FALSE","TRUE","CC-BY-4.0","FALSE",""
"PMC12992374","TRUE","TRUE","FALSE","TRUE","TRUE","FALSE","FALSE","FALSE","TRUE","CC-BY-NC-ND-4.0","TRUE","TRIPOD"
"PMC12993467","TRUE","FALSE","FALSE","FALSE","FALSE","TRUE","TRUE",,"TRUE","CC-BY-4.0","FALSE",""
"PMC12993514","TRUE","FALSE","FALSE","FALSE","FALSE","TRUE","FALSE","FALSE","TRUE","CC-BY-4.0","FALSE",""
"PMC12993584","TRUE","FALSE","FALSE","FALSE","FALSE","TRUE","FALSE","FALSE","TRUE","CC-BY-4.0","FALSE",""
"PMC12993599","TRUE","TRUE","FALSE","FALSE","FALSE","FALSE","FALSE","FALSE","TRUE","CC-BY-4.0","FALSE",""
"PMC12993630","TRUE","TRUE","FALSE","TRUE","FALSE","TRUE","FALSE","FALSE","TRUE","CC-BY-4.0","FALSE",""
"PMC12993645","TRUE","TRUE","FALSE","FALSE","FALSE","TRUE","FALSE","FALSE","TRUE","CC-BY-4.0","FALSE",""
"PMC12993650","TRUE","FALSE","FALSE","FALSE","FALSE","FALSE","FALSE","FALSE","TRUE","CC-BY-4.0","FALSE",""
"PMC12994020","TRUE","TRUE","FALSE","TRUE","TRUE","TRUE","TRUE","FALSE","TRUE","CC-BY-NC-ND-4.0","FALSE",""
"PMC12994467","TRUE","TRUE","FALSE","TRUE","TRUE","TRUE","FALSE","FALSE","TRUE","CC-BY-4.0","FALSE",""
"PMC12994527","TRUE","TRUE","TRUE","TRUE","TRUE","FALSE","FALSE",,"TRUE","CC-BY-4.0","FALSE",""
"PMC12999096","TRUE","FALSE","FALSE","FALSE","FALSE","FALSE","FALSE","FALSE","TRUE","CC-BY-NC-SA-4.0","FALSE",""
"PMC12999671","TRUE","TRUE","FALSE","FALSE","TRUE","FALSE","FALSE","FALSE","TRUE","CC-BY-NC-ND-4.0","FALSE",""
"PMC13001171","TRUE","TRUE","FALSE","TRUE","TRUE","TRUE","FALSE","FALSE","TRUE","CC-BY-NC-ND-4.0","TRUE","TRIPOD"
"PMC13002184","TRUE","FALSE","FALSE","FALSE","FALSE","FALSE","FALSE","FALSE","TRUE","CC-BY-NC-SA-4.0","FALSE",""
"PMC13002190","TRUE","TRUE","FALSE","TRUE","FALSE","FALSE","FALSE","FALSE","TRUE","CC-BY-NC-SA-4.0","FALSE",""
"PMC13002198","TRUE","FALSE","FALSE","FALSE","FALSE","FALSE","FALSE","FALSE","TRUE","CC-BY-NC-SA-4.0","FALSE",""
"PMC13002200","TRUE","FALSE","FALSE","TRUE","FALSE","FALSE","FALSE","FALSE","TRUE","CC-BY-NC-SA-4.0","FALSE",""
"PMC13002206","TRUE","FALSE","FALSE","FALSE","FALSE","FALSE","FALSE","FALSE","TRUE","CC-BY-NC-SA-4.0","FALSE",""
"PMC13002753","TRUE","TRUE","TRUE","TRUE","TRUE","FALSE","FALSE","TRUE","TRUE","CC-BY-4.0","TRUE","PRISMA"
"PMC13007537","FALSE","TRUE","FALSE","FALSE","FALSE","FALSE","FALSE","FALSE","TRUE","CC-BY-4.0","FALSE",""
"PMC13007822","TRUE","TRUE","TRUE","TRUE","TRUE","FALSE","FALSE","FALSE","TRUE","CC-BY-NC-4.0","TRUE","PRISMA"
"PMC13007844","TRUE","TRUE","FALSE","TRUE","FALSE","FALSE","FALSE","FALSE","TRUE","CC-BY-NC-4.0","FALSE",""
"PMC13008432","TRUE","TRUE","FALSE","FALSE","FALSE","FALSE","FALSE","FALSE","TRUE","CC-BY-NC-ND-4.0","FALSE",""
"PMC13011013","TRUE","FALSE","FALSE","FALSE","FALSE","FALSE","FALSE","FALSE","TRUE","CC-BY-4.0","FALSE",""
"PMC13011039","TRUE","FALSE","FALSE","FALSE","FALSE","FALSE","FALSE","FALSE","TRUE","CC-BY-4.0","FALSE",""
"PMC13011124","TRUE","FALSE","FALSE","FALSE","FALSE","FALSE","FALSE","FALSE","TRUE","CC-BY-4.0","FALSE",""
"PMC13011612","TRUE","FALSE","FALSE","FALSE","TRUE","FALSE","FALSE","FALSE","TRUE","CC-BY-4.0","FALSE",""
"PMC13012836","TRUE","FALSE","FALSE","TRUE","FALSE","FALSE","FALSE","FALSE","TRUE","CC-BY-NC-ND-4.0","FALSE",""
"PMC13013218","TRUE","TRUE","FALSE","TRUE","FALSE","TRUE","TRUE","FALSE","TRUE","CC-BY-NC-4.0","FALSE",""
"PMC13013418","TRUE","TRUE","FALSE","FALSE","TRUE","FALSE","TRUE","FALSE","TRUE","CC-BY-4.0","TRUE","STROBE; REMARK; CONSORT"
"PMC13019566","TRUE","TRUE","TRUE","TRUE","TRUE","FALSE","FALSE","FALSE","TRUE","CC-BY-4.0","FALSE",""
"PMC13019846","TRUE","FALSE","FALSE","FALSE","FALSE","FALSE","FALSE","FALSE","TRUE","CC-BY-NC-ND-4.0","FALSE",""
"PMC13020554","TRUE","TRUE","FALSE","FALSE","FALSE","FALSE","FALSE","FALSE","TRUE","CC-BY-NC-ND-4.0","FALSE",""
"PMC13020957","TRUE","TRUE","FALSE","TRUE","FALSE","TRUE","TRUE","FALSE","TRUE","CC-BY-NC-4.0","FALSE",""
"PMC13021067","TRUE","TRUE","FALSE","TRUE","FALSE","TRUE","TRUE","FALSE","TRUE","CC-BY-4.0","FALSE",""
"PMC13029414","TRUE","TRUE","FALSE","TRUE","TRUE","TRUE","TRUE","FALSE","TRUE","CC-BY-4.0","FALSE",""
"PMC13029433","TRUE","TRUE","FALSE","FALSE","FALSE","FALSE","FALSE","FALSE","TRUE","CC-BY-NC-4.0","FALSE",""
"PMC13029562","FALSE","TRUE","FALSE","FALSE","FALSE","FALSE","FALSE","FALSE","TRUE","CC-BY-NC-4.0","FALSE",""
"PMC13030946","TRUE","TRUE","FALSE","TRUE","TRUE","FALSE","FALSE","FALSE","TRUE","CC-BY-NC-ND-4.0","FALSE",""
"PMC13035526","TRUE","TRUE","FALSE","FALSE","TRUE","TRUE","FALSE","FALSE","TRUE","CC-BY-4.0","FALSE",""
"PMC13035649","TRUE","TRUE","FALSE","FALSE","TRUE","FALSE","FALSE","TRUE","TRUE","CC-BY-4.0","FALSE",""
"PMC13035661","TRUE","TRUE","FALSE","FALSE","TRUE","FALSE","FALSE","FALSE","TRUE","CC-BY-4.0","FALSE",""
"PMC13036242","TRUE","FALSE","FALSE","FALSE","TRUE","FALSE","FALSE","FALSE","TRUE","CC-BY-NC-4.0","FALSE",""
"PMC13038127","TRUE","TRUE","FALSE","FALSE","FALSE","FALSE","FALSE","FALSE","TRUE","CC-BY-NC-4.0","FALSE",""
"PMC13038174","TRUE","TRUE","FALSE","FALSE","TRUE","TRUE","TRUE",,"TRUE","CC-BY-NC-4.0","FALSE",""
"PMC13038644","TRUE","TRUE","FALSE","FALSE","TRUE","FALSE","FALSE","FALSE","TRUE","CC-BY-4.0","FALSE",""
"PMC13040153","TRUE","TRUE","FALSE","FALSE","TRUE","FALSE","FALSE","FALSE","TRUE","CC-BY-NC-4.0","FALSE",""
"PMC13044472","TRUE","TRUE","FALSE","FALSE","TRUE","FALSE","FALSE","FALSE","TRUE","CC-BY-NC-4.0","TRUE","TRIPOD"
"PMC13045638","TRUE","TRUE","FALSE","FALSE","FALSE","FALSE","FALSE","FALSE","TRUE","CC-BY-NC-ND-4.0","FALSE",""
"PMC13047241","TRUE","TRUE","FALSE","FALSE","TRUE","TRUE","FALSE","FALSE","TRUE","CC-BY-4.0","TRUE","CARE"
"PMC13048935","TRUE","TRUE","FALSE","FALSE","TRUE","FALSE","FALSE","FALSE","TRUE","CC-BY-4.0","FALSE",""
"PMC13050494","TRUE","TRUE","FALSE","FALSE","FALSE","FALSE","FALSE","FALSE","TRUE","CC-BY-NC-ND-4.0","TRUE","STROBE"
"PMC13050596","TRUE","TRUE","TRUE","FALSE","FALSE","FALSE","FALSE","FALSE","TRUE","CC-BY-NC-ND-4.0","TRUE","CONSORT"
"PMC13050601","TRUE","TRUE","FALSE","FALSE","TRUE","FALSE","FALSE","FALSE","TRUE","CC-BY-4.0","FALSE",""
"PMC13052439","FALSE","FALSE","FALSE","FALSE","FALSE","FALSE","FALSE",,"TRUE","CC-BY-NC-ND-4.0","FALSE",""
"PMC13054145","TRUE","TRUE","FALSE","FALSE","FALSE","FALSE","FALSE","FALSE","TRUE","CC-BY-4.0","FALSE",""
"PMC13058647","TRUE","TRUE","FALSE","FALSE","TRUE","FALSE","FALSE","FALSE","TRUE","CC-BY-4.0","FALSE",""
"PMC13058652","TRUE","TRUE","FALSE","FALSE","TRUE","TRUE","FALSE","FALSE","TRUE","CC-BY-NC-ND-4.0","FALSE",""
"PMC13058658","TRUE","TRUE","FALSE","TRUE","TRUE","FALSE","FALSE","TRUE","TRUE","CC-BY-4.0","FALSE",""
"PMC13059950","TRUE","TRUE","FALSE","FALSE","FALSE","FALSE","FALSE","FALSE","TRUE","CC-BY-NC-ND-4.0","FALSE",""
"PMC13060633","TRUE","TRUE","TRUE","TRUE","TRUE","FALSE","FALSE","FALSE","TRUE","CC-BY-4.0","TRUE","STARD"
"PMC13061564","TRUE","TRUE","TRUE","TRUE","TRUE","FALSE","FALSE","FALSE","TRUE","CC-BY-2.0","FALSE",""
"PMC13061839","TRUE","TRUE","FALSE","FALSE","TRUE","FALSE","FALSE","FALSE","TRUE","CC-BY-4.0","FALSE",""
"PMC13064168","TRUE","TRUE","TRUE","FALSE","TRUE","FALSE","FALSE","FALSE","TRUE","CC-BY-NC-ND-4.0","FALSE",""
"PMC13065136","TRUE","FALSE","FALSE","FALSE","TRUE","FALSE","FALSE","TRUE","TRUE","CC-BY-NC-ND-4.0","TRUE","CONSORT"
"PMC13068163","TRUE","FALSE","FALSE","FALSE","FALSE","FALSE","FALSE","FALSE","TRUE","CC-BY-NC-ND-4.0","TRUE","TRIPOD"
"PMC13069850","TRUE","TRUE","FALSE","FALSE","TRUE","TRUE","TRUE","TRUE","TRUE","CC-BY-4.0","FALSE",""
"PMC13071117","TRUE","TRUE","FALSE","TRUE","TRUE","TRUE","FALSE","FALSE","TRUE","CC-BY-4.0","FALSE",""
"PMC13071276","TRUE","TRUE","FALSE","FALSE","TRUE","FALSE","FALSE","FALSE","TRUE","CC-BY-NC-4.0","FALSE",""
"PMC13071694","TRUE","FALSE","TRUE","TRUE","TRUE","FALSE","FALSE","FALSE","TRUE","CC-BY-NC-ND-4.0","TRUE","STROBE"
"PMC13076955","TRUE","FALSE","FALSE","TRUE","FALSE","TRUE","FALSE","FALSE","TRUE","CC-BY-4.0","FALSE",""
"PMC13077764","TRUE","FALSE","FALSE","FALSE","TRUE","FALSE","FALSE","FALSE","TRUE","CC-BY-NC-ND-4.0","FALSE",""
"PMC13081424","TRUE","FALSE","FALSE","TRUE","TRUE","FALSE","TRUE","FALSE","TRUE","CC-BY-NC-4.0","TRUE","STROBE; STREGA"
"PMC13082286","TRUE","FALSE","FALSE","FALSE","FALSE","FALSE","FALSE","FALSE","TRUE","CC-BY-4.0","FALSE",""
"PMC13082298","TRUE","FALSE","FALSE","FALSE","FALSE","FALSE","FALSE","FALSE","TRUE","CC-BY-4.0","FALSE",""
"PMC13082775","TRUE","FALSE","FALSE","FALSE","FALSE","FALSE","FALSE","TRUE","TRUE","CC-BY-NC-4.0","TRUE","PRISMA"
"PMC13083399","TRUE","TRUE","FALSE","FALSE","FALSE","TRUE","TRUE","FALSE","TRUE","CC-BY-NC-4.0","FALSE",""
"PMC13084251","TRUE","FALSE","FALSE","TRUE","TRUE","FALSE","FALSE","FALSE","TRUE","CC-BY-NC-ND-4.0","FALSE",""
"PMC13084982","TRUE","TRUE","FALSE","FALSE","FALSE","TRUE","TRUE","FALSE","TRUE","CC-BY-NC-4.0","FALSE",""
"PMC13086267","TRUE","TRUE","FALSE","FALSE","FALSE","FALSE","FALSE","FALSE","TRUE","CC-BY-NC-4.0","FALSE",""
"PMC13086552","TRUE","TRUE","FALSE","FALSE","TRUE","FALSE","FALSE","FALSE","TRUE","CC-BY-NC-ND-4.0","TRUE","STROBE"
"PMC13086883","TRUE","FALSE","FALSE","TRUE","TRUE","FALSE","TRUE","FALSE","TRUE","CC-BY-4.0","FALSE",""
"PMC13092308","TRUE","FALSE","FALSE","TRUE","TRUE","FALSE","FALSE","FALSE","TRUE","CC-BY-NC-SA-4.0","FALSE",""
"PMC13095168","TRUE","TRUE","FALSE","FALSE","FALSE","FALSE","FALSE","FALSE","TRUE","CC-BY-NC-4.0","FALSE",""
"PMC13096620","TRUE","FALSE","FALSE","TRUE","FALSE","FALSE","FALSE","FALSE","TRUE","CC-BY-4.0","FALSE",""
"PMC13096623","TRUE","TRUE","FALSE","TRUE","FALSE","FALSE","FALSE","FALSE","TRUE","CC-BY-4.0","FALSE",""
"PMC13096877","TRUE","TRUE","FALSE","FALSE","TRUE","FALSE","TRUE","FALSE","TRUE","CC-BY-4.0","TRUE","STROBE"
"PMC13097105","TRUE","FALSE","FALSE","FALSE","FALSE","FALSE","FALSE","FALSE","TRUE","CC-BY-4.0","FALSE",""
"PMC13097215","TRUE","FALSE","FALSE","FALSE","TRUE","FALSE","FALSE","FALSE","TRUE","CC-BY-NC-SA-1.0","TRUE","PRISMA"
"PMC13099429","TRUE","TRUE","FALSE","FALSE","TRUE","FALSE","FALSE","FALSE","TRUE","CC-BY-4.0","TRUE","TRIPOD"
"PMC13100851","TRUE","TRUE","FALSE","FALSE","TRUE","FALSE","TRUE","FALSE","TRUE","CC-BY-4.0","FALSE",""
"PMC13103137","TRUE","TRUE","FALSE","TRUE","FALSE","TRUE","FALSE","FALSE","TRUE","CC-BY-4.0","FALSE",""
"PMC13103170","TRUE","TRUE","FALSE","FALSE","FALSE","FALSE","FALSE","FALSE","TRUE","CC-BY-4.0","FALSE",""
"PMC13103235","TRUE","TRUE","FALSE","FALSE","TRUE","TRUE","FALSE","FALSE","TRUE","CC-BY-4.0","FALSE",""
"PMC13104762","TRUE","TRUE","FALSE","FALSE","TRUE","TRUE","FALSE",,"TRUE","CC-BY-4.0","FALSE",""
"PMC13105489","TRUE","TRUE","FALSE","FALSE","FALSE","FALSE","FALSE","FALSE","TRUE","CC-BY-4.0","TRUE","REMARK"
"PMC13105578","TRUE","FALSE","FALSE","TRUE","TRUE","FALSE","FALSE","FALSE","TRUE","CC-BY-NC-4.0","FALSE",""
"PMC13105676","TRUE","TRUE","FALSE","TRUE","TRUE","FALSE","TRUE","FALSE","TRUE","CC-BY-NC-SA-4.0","TRUE","STROCSS"
"PMC13105724","TRUE","TRUE","FALSE","FALSE","TRUE","FALSE","TRUE","FALSE","TRUE","CC-BY-NC-ND-4.0","TRUE","STROCSS"
"PMC13109753","TRUE","TRUE","FALSE","FALSE","TRUE","FALSE","TRUE","FALSE","TRUE","CC-BY-NC-4.0","FALSE",""
"PMC13125385","TRUE","TRUE","TRUE","TRUE","FALSE","FALSE","FALSE","TRUE","TRUE","CC-BY-4.0","FALSE",""
"PMC13126303","TRUE","TRUE","FALSE","TRUE","FALSE","FALSE","FALSE","FALSE","TRUE","CC-BY-4.0","TRUE","STROBE"
"PMC13126477","TRUE","TRUE","FALSE","FALSE","TRUE","TRUE","FALSE","FALSE","TRUE","CC-BY-4.0","FALSE",""
"PMC13129623","TRUE","FALSE","FALSE","FALSE","TRUE","FALSE","FALSE","FALSE","TRUE","CC-BY-NC-ND-4.0","FALSE",""
"PMC13129781","TRUE","TRUE","FALSE","TRUE","TRUE","FALSE","FALSE","FALSE","TRUE","CC-BY-NC-3.0","FALSE",""
"PMC13130301","TRUE","TRUE","TRUE","TRUE","TRUE","FALSE","FALSE","FALSE","TRUE","CC-BY-4.0","TRUE","PRISMA"
"PMC13130307","TRUE","TRUE","FALSE","FALSE","FALSE","FALSE","TRUE","FALSE","TRUE","CC-BY-4.0","FALSE",""
"PMC13130328","FALSE","FALSE","FALSE","FALSE","FALSE","FALSE","FALSE","FALSE","TRUE","CC-BY-4.0","FALSE",""
"PMC13130376","TRUE","TRUE","FALSE","FALSE","FALSE","FALSE","TRUE","FALSE","TRUE","CC-BY-NC-ND-4.0","FALSE",""
"PMC13130382","TRUE","TRUE","FALSE","TRUE","FALSE","FALSE","FALSE","FALSE","TRUE","CC-BY-4.0","FALSE",""
"PMC13131244","TRUE","TRUE","FALSE","FALSE","FALSE","FALSE","FALSE","FALSE","TRUE","CC-BY-4.0","FALSE",""
"PMC13131287","TRUE","TRUE","FALSE","FALSE","FALSE","FALSE","FALSE","FALSE","TRUE","CC-BY-NC-4.0","FALSE",""
"PMC13132100","TRUE","TRUE","FALSE","TRUE","FALSE","FALSE","FALSE","FALSE","TRUE","CC-BY-4.0","TRUE","STROBE"
"PMC13132540","TRUE","TRUE","FALSE","FALSE","FALSE","FALSE","TRUE","FALSE","TRUE","CC-BY-NC-4.0","FALSE",""
"PMC13137357","TRUE","TRUE","FALSE","TRUE","TRUE","FALSE","FALSE","FALSE","TRUE","CC-BY-4.0","TRUE","STROBE"
"PMC13139223","TRUE","TRUE","TRUE","FALSE","TRUE","FALSE","FALSE","FALSE","TRUE","CC-BY-4.0","TRUE","PRISMA"
"PMC13142898","TRUE","TRUE","FALSE","FALSE","TRUE","FALSE","FALSE","FALSE","TRUE","CC-BY-4.0","FALSE",""
"PMC13143308","TRUE","FALSE","FALSE","FALSE","FALSE","FALSE","FALSE","FALSE","TRUE","CC-BY-NC-SA-4.0","FALSE",""
"PMC13143323","TRUE","FALSE","FALSE","FALSE","FALSE","FALSE","FALSE","FALSE","TRUE","CC-BY-NC-SA-4.0","FALSE",""
"PMC13147728","TRUE","TRUE","FALSE","FALSE","TRUE","FALSE","FALSE","FALSE","TRUE","CC-BY-4.0","FALSE",""
"PMC13152072","TRUE","FALSE","FALSE","FALSE","TRUE","FALSE","FALSE","TRUE","TRUE","CC-BY-NC-ND-4.0","TRUE","STROBE"
"PMC13153850","TRUE","TRUE","FALSE","TRUE","TRUE","FALSE","FALSE","FALSE","TRUE","CC-BY-NC-4.0","FALSE",""
"PMC13154798","TRUE","TRUE","FALSE","TRUE","TRUE","FALSE","FALSE","FALSE","TRUE","CC-BY-NC-SA-4.0","FALSE",""
"PMC13154804","TRUE","TRUE","FALSE","FALSE","TRUE","FALSE","FALSE","FALSE","TRUE","CC-BY-NC-SA-4.0","FALSE",""
"PMC13155476","TRUE","TRUE","FALSE","FALSE","FALSE","FALSE","FALSE","FALSE","TRUE","CC-BY-4.0","FALSE",""
"PMC13158225","TRUE","TRUE","FALSE","FALSE","TRUE","FALSE","FALSE","FALSE","TRUE","CC-BY-4.0","FALSE",""
"PMC13166084","TRUE","TRUE","FALSE","FALSE","TRUE","FALSE","FALSE","FALSE","TRUE","CC-BY-NC-4.0","FALSE",""
"PMC13168975","TRUE","TRUE","FALSE","FALSE","FALSE","TRUE","FALSE","FALSE","TRUE","CC-BY-4.0","FALSE",""
"PMC13172632","TRUE","TRUE","FALSE","FALSE","TRUE","FALSE","FALSE","FALSE","TRUE","CC-BY-NC-4.0","FALSE",""
"PMC13174578","TRUE","FALSE","FALSE","FALSE","TRUE","FALSE","FALSE","FALSE","TRUE","CC-BY-NC-4.0","TRUE","PRISMA"
"PMC13175663","TRUE","TRUE","FALSE","TRUE","FALSE","FALSE","FALSE","FALSE","TRUE","CC-BY-NC-ND-4.0","FALSE",""
"PMC13176133","TRUE","TRUE","FALSE","FALSE","TRUE","FALSE","FALSE","FALSE","TRUE","CC-BY-4.0","FALSE",""
"PMC13176757","TRUE","TRUE","FALSE","TRUE","TRUE","FALSE","FALSE","FALSE","TRUE","CC-BY-4.0","TRUE","STROBE"
"PMC13176758","TRUE","FALSE","FALSE","FALSE","TRUE","FALSE","FALSE","FALSE","TRUE","CC-BY-4.0","TRUE","STROBE"
"PMC13176916","TRUE","TRUE","TRUE","FALSE","TRUE","FALSE","FALSE","FALSE","TRUE","CC-BY-NC-ND-4.0","TRUE","PRISMA"
"PMC13178774","TRUE","TRUE","TRUE","FALSE","TRUE","FALSE","FALSE","FALSE","TRUE","CC-BY-NC-ND-4.0","FALSE",""
"PMC13181571","TRUE","TRUE","FALSE","TRUE","TRUE","FALSE","TRUE","FALSE","TRUE","CC-BY-4.0","FALSE",""
"PMC13182605","TRUE","FALSE","FALSE","TRUE","TRUE","FALSE","FALSE","FALSE","TRUE","CC-BY-4.0","FALSE",""
"PMC13184494","TRUE","TRUE","FALSE","FALSE","FALSE","FALSE","FALSE","FALSE","TRUE","CC-BY-NC-ND-4.0","FALSE",""
"PMC13185535","TRUE","TRUE","FALSE","FALSE","TRUE","FALSE","FALSE","FALSE","TRUE","CC-BY-4.0","TRUE","TRIPOD"
"PMC13190269","TRUE","TRUE","FALSE","TRUE","FALSE","TRUE","FALSE","FALSE","TRUE","CC-BY-4.0","FALSE",""
"PMC13193468","TRUE","FALSE","FALSE","FALSE","FALSE","FALSE","FALSE","FALSE","TRUE","CC-BY-NC-ND-4.0","FALSE",""
"PMC13193485","TRUE","FALSE","FALSE","TRUE","FALSE","FALSE","FALSE","FALSE","TRUE","CC-BY-NC-ND-4.0","FALSE",""
"PMC13217488","TRUE","TRUE","FALSE","FALSE","TRUE","FALSE","TRUE","FALSE","TRUE","CC-BY-NC-ND-4.0","FALSE",""
"PMC13218441","TRUE","TRUE","FALSE","FALSE","TRUE","TRUE","FALSE","FALSE","TRUE","CC-BY-NC-ND-4.0","TRUE","STROCSS"
"PMC13221094","TRUE","TRUE","FALSE","FALSE","FALSE","FALSE","FALSE","FALSE","TRUE","CC-BY-NC-ND-4.0","FALSE",""
"PMC13223437","TRUE","TRUE","FALSE","FALSE","FALSE","TRUE","FALSE","FALSE","TRUE","CC-BY-4.0","TRUE","STROBE"
"PMC13223471","TRUE","TRUE","FALSE","FALSE","FALSE","TRUE","FALSE","FALSE","TRUE","CC-BY-4.0","TRUE","STROBE"
"PMC13223479","TRUE","TRUE","FALSE","FALSE","FALSE","TRUE","FALSE","FALSE","TRUE","CC-BY-4.0","TRUE","STROBE"
"PMC13223504","TRUE","TRUE","FALSE","FALSE","TRUE","TRUE","FALSE","TRUE","TRUE","CC-BY-4.0","TRUE","PRISMA; STARD"
"PMC13223505","TRUE","TRUE","TRUE","FALSE","TRUE","FALSE","FALSE","FALSE","TRUE","CC-BY-4.0","TRUE","PRISMA"
"PMC13224731","TRUE","TRUE","FALSE","FALSE","FALSE","TRUE","FALSE","FALSE","TRUE","CC-BY-4.0","FALSE",""
"PMC13227198","TRUE","TRUE","TRUE","TRUE","TRUE","FALSE","FALSE","FALSE","TRUE","CC-BY-NC-ND-4.0","TRUE","STROCSS; TRIPOD"
"PMC13227207","TRUE","TRUE","FALSE","FALSE","FALSE","FALSE","FALSE","FALSE","TRUE","CC-BY-NC-ND-4.0","FALSE",""
"PMC13227220","TRUE","TRUE","FALSE","TRUE","TRUE","TRUE","FALSE","FALSE","TRUE","CC-BY-NC-ND-4.0","FALSE",""
"PMC13227286","TRUE","TRUE","FALSE","FALSE","FALSE","TRUE","FALSE","FALSE","TRUE","CC-BY-NC-ND-4.0","FALSE",""
"PMC13229064","TRUE","TRUE","FALSE","FALSE","FALSE","FALSE","FALSE","FALSE","TRUE","CC-BY-NC-ND-4.0","FALSE",""
"PMC13229067","TRUE","FALSE","FALSE","FALSE","FALSE","FALSE","FALSE","FALSE","TRUE","CC-BY-NC-ND-4.0","FALSE",""
"PMC13242708","TRUE","TRUE","FALSE","FALSE","TRUE","TRUE","TRUE","FALSE","TRUE","CC-BY-NC-ND-4.0","FALSE",""
"PMC13246318","TRUE","FALSE","FALSE","FALSE","TRUE","FALSE","FALSE","FALSE","TRUE","CC-BY-1.0","TRUE","PRISMA"
"PMC13246839","TRUE","TRUE","FALSE","FALSE","TRUE","TRUE","FALSE","FALSE","TRUE","CC-BY-NC-ND-4.0","FALSE",""
"PMC13247407","TRUE","TRUE","FALSE","FALSE","TRUE","FALSE","FALSE","FALSE","TRUE","CC-BY-4.0","FALSE",""
"PMC13247765","TRUE","TRUE","FALSE","TRUE","TRUE","FALSE","FALSE","FALSE","TRUE","CC-BY-NC-ND-4.0","TRUE","TRIPOD"
"PMC13250477","TRUE","TRUE","FALSE","TRUE","TRUE","FALSE","FALSE","FALSE","TRUE","CC-BY-NC-ND-4.0","FALSE",""
"PMC13256342","TRUE","FALSE","FALSE","TRUE","TRUE","FALSE","FALSE","FALSE","TRUE","CC-BY-2.0","FALSE",""
"PMC13258101","TRUE","FALSE","FALSE","FALSE","FALSE","FALSE","FALSE","FALSE","TRUE","CC-BY-4.0","TRUE","STROBE"
"PMC13262070","TRUE","TRUE","FALSE","TRUE","TRUE","FALSE","FALSE",,"TRUE","CC-BY-NC-4.0","FALSE",""
"PMC13266452","TRUE","FALSE","FALSE","FALSE","FALSE","FALSE","FALSE","FALSE","TRUE","CC-BY-4.0","TRUE","TRIPOD"
"PMC13266686","TRUE","TRUE","FALSE","TRUE","TRUE","TRUE","FALSE","FALSE","TRUE","CC-BY-4.0","TRUE","STROBE"
"PMC13266786","TRUE","TRUE","FALSE","TRUE","TRUE","TRUE","TRUE","FALSE","TRUE","CC-BY-NC-SA-4.0","FALSE",""
"PMC13274733","TRUE","TRUE","FALSE","TRUE","TRUE","TRUE","TRUE","TRUE","TRUE","CC-BY-4.0","TRUE","TRIPOD"
"PMC4286146","TRUE","TRUE","FALSE","FALSE","FALSE","FALSE","FALSE",,"TRUE","CC-BY-4.0","FALSE",""
"PMC4299320","FALSE","FALSE","FALSE","FALSE","FALSE","FALSE","FALSE",,"FALSE","","FALSE",""
"PMC4300181","TRUE","TRUE","FALSE","FALSE","FALSE","TRUE","FALSE",,"TRUE","CC-BY-4.0","FALSE",""
"PMC4302374","TRUE","FALSE","FALSE","FALSE","FALSE","FALSE","FALSE",,"TRUE","CC-BY-3.0","FALSE",""
"PMC4304118","TRUE","TRUE","FALSE","TRUE","FALSE","TRUE","FALSE",,"TRUE","CC-BY-4.0","FALSE",""
"PMC4310167","TRUE","TRUE","FALSE","FALSE","FALSE","FALSE","FALSE",,"TRUE","CC-BY-4.0","FALSE",""
"PMC4326298","TRUE","TRUE","TRUE","FALSE","FALSE","FALSE","FALSE",,"TRUE","CC-BY-4.0","FALSE",""
"PMC4329148","FALSE","FALSE","FALSE","TRUE","FALSE","FALSE","FALSE",,"TRUE","CC-BY-4.0","FALSE",""
"PMC4329369","TRUE","TRUE","TRUE","FALSE","FALSE","FALSE","FALSE",,"TRUE","CC-BY-NC-3.0","TRUE","CONSORT"
"PMC4330029","TRUE","TRUE","FALSE","TRUE","FALSE","FALSE","FALSE",,"TRUE","CC-BY-NC-3.0","FALSE",""
"PMC4341236","TRUE","TRUE","FALSE","FALSE","FALSE","FALSE","FALSE",,"TRUE","CC-BY-4.0","FALSE",""
"PMC4347275","FALSE","FALSE","FALSE","FALSE","FALSE","FALSE","FALSE",,"TRUE","CC-BY-NC-3.0","FALSE",""
"PMC4351205","TRUE","TRUE","FALSE","FALSE","FALSE","TRUE","FALSE",,"TRUE","CC-BY-4.0","FALSE",""
"PMC4351318","TRUE","FALSE","FALSE","FALSE","FALSE","FALSE","FALSE",,"TRUE","CC-BY-NC-3.0","FALSE",""
"PMC4352568","TRUE","TRUE","TRUE","FALSE","FALSE","FALSE","FALSE",,"TRUE","CC-BY-4.0","FALSE",""
"PMC4356138","TRUE","TRUE","FALSE","FALSE","FALSE","TRUE","FALSE",,"TRUE","CC-BY-4.0","FALSE",""
"PMC4361549","TRUE","TRUE","FALSE","FALSE","FALSE","TRUE","FALSE",,"TRUE","CC-BY-4.0","FALSE",""
"PMC4363980","TRUE","FALSE","FALSE","FALSE","FALSE","FALSE","FALSE",,"TRUE","CC-BY-3.0","FALSE",""
"PMC4365803","TRUE","FALSE","TRUE","TRUE","FALSE","FALSE","FALSE",,"TRUE","CC-BY-4.0","FALSE",""
"PMC4368731","TRUE","TRUE","TRUE","FALSE","FALSE","TRUE","FALSE",,"TRUE","CC0-1.0","FALSE",""
"PMC4376242","FALSE","FALSE","FALSE","FALSE","FALSE","FALSE","FALSE",,"TRUE","","FALSE",""
"PMC4377011","TRUE","TRUE","TRUE","TRUE","FALSE","FALSE","FALSE",,"TRUE","CC-BY-4.0","FALSE",""
"PMC4381287","FALSE","TRUE","FALSE","FALSE","FALSE","TRUE","FALSE",,"TRUE","CC-BY-3.0","FALSE",""
"PMC4381480","TRUE","FALSE","FALSE","FALSE","FALSE","FALSE","FALSE",,"TRUE","CC-BY-4.0","FALSE",""
"PMC4384355","TRUE","TRUE","FALSE","FALSE","FALSE","FALSE","FALSE",,"TRUE","CC-BY-4.0","FALSE",""
"PMC4385958","TRUE","TRUE","FALSE","FALSE","TRUE","FALSE","FALSE",,"TRUE","CC-BY-NC-SA-4.0","FALSE",""
"PMC4389863","TRUE","TRUE","FALSE","FALSE","FALSE","FALSE","FALSE",,"TRUE","CC-BY-4.0","FALSE",""
"PMC4390686","TRUE","TRUE","TRUE","FALSE","FALSE","FALSE","FALSE",,"TRUE","CC-BY-NC-4.0","FALSE",""
"PMC4391141","TRUE","TRUE","FALSE","FALSE","TRUE","TRUE","FALSE",,"TRUE","CC-BY-4.0","FALSE",""
"PMC4391311","FALSE","FALSE","FALSE","FALSE","FALSE","FALSE","FALSE",,"TRUE","CC-BY-3.0","FALSE",""
"PMC4392620","TRUE","FALSE","FALSE","FALSE","FALSE","FALSE","FALSE",,"TRUE","CC-BY-4.0","FALSE",""
"PMC4395016","TRUE","TRUE","FALSE","TRUE","FALSE","FALSE","FALSE",,"TRUE","CC-BY-4.0","FALSE",""
"PMC4397063","TRUE","TRUE","FALSE","FALSE","FALSE","TRUE","FALSE",,"TRUE","CC-BY-4.0","FALSE",""
"PMC4397069","TRUE","TRUE","FALSE","FALSE","FALSE","TRUE","FALSE",,"TRUE","CC-BY-4.0","FALSE",""
"PMC4401859","TRUE","TRUE","TRUE","FALSE","FALSE","FALSE","FALSE",,"TRUE","CC-BY-4.0","FALSE",""
"PMC4405521","TRUE","TRUE","TRUE","FALSE","FALSE","FALSE","FALSE",,"TRUE","CC-BY-4.0","FALSE",""
"PMC4406961","FALSE","FALSE","FALSE","FALSE","FALSE","FALSE","FALSE",,"TRUE","CC-BY-4.0","FALSE",""
"PMC4411028","TRUE","TRUE","TRUE","TRUE","FALSE","TRUE","FALSE",,"TRUE","CC-BY-4.0","TRUE","CONSORT"
"PMC4411936","TRUE","TRUE","TRUE","FALSE","FALSE","FALSE","FALSE",,"TRUE","CC-BY-4.0","FALSE",""
"PMC4419447","TRUE","FALSE","FALSE","FALSE","FALSE","FALSE","FALSE",,"TRUE","CC-BY-4.0","FALSE",""
"PMC4422223","TRUE","TRUE","FALSE","FALSE","FALSE","FALSE","FALSE",,"TRUE","CC-BY-4.0","FALSE",""
"PMC4422469","TRUE","FALSE","FALSE","FALSE","FALSE","FALSE","FALSE",,"TRUE","CC-BY-4.0","FALSE",""
"PMC4422840","TRUE","TRUE","TRUE","TRUE","FALSE","FALSE","FALSE",,"TRUE","CC-BY-4.0","FALSE",""
"PMC4427008","TRUE","FALSE","FALSE","FALSE","TRUE","FALSE","FALSE",,"TRUE","CC-BY-3.0","FALSE",""
"PMC4430170","TRUE","TRUE","FALSE","FALSE","FALSE","TRUE","FALSE",,"TRUE","CC-BY-4.0","FALSE",""
"PMC4433096","TRUE","TRUE","FALSE","TRUE","TRUE","TRUE","TRUE",,"TRUE","CC-BY-4.0","FALSE",""
"PMC4433260","TRUE","TRUE","FALSE","FALSE","FALSE","TRUE","FALSE",,"TRUE","CC-BY-4.0","FALSE",""
"PMC4434525","TRUE","TRUE","FALSE","FALSE","FALSE","TRUE","FALSE",,"TRUE","CC-BY-4.0","FALSE",""
"PMC4438636","TRUE","TRUE","FALSE","TRUE","FALSE","FALSE","FALSE",,"TRUE","CC-BY-4.0","FALSE",""
"PMC4442804","TRUE","TRUE","FALSE","TRUE","FALSE","FALSE","TRUE",,"TRUE","CC-BY-NC-SA-3.0","FALSE",""
"PMC4448915","FALSE","TRUE","FALSE","TRUE","TRUE","TRUE","FALSE",,"FALSE","","FALSE",""
"PMC4450213","TRUE","TRUE","FALSE","TRUE","FALSE","FALSE","FALSE",,"TRUE","CC-BY-3.0","FALSE",""
"PMC4455321","TRUE","TRUE","FALSE","TRUE","FALSE","FALSE","FALSE",,"TRUE","CC-BY-NC-ND-3.0","FALSE",""
"PMC4460646","TRUE","FALSE","FALSE","FALSE","FALSE","FALSE","FALSE",,"TRUE","CC-BY-4.0","FALSE",""
"PMC4464638","TRUE","FALSE","FALSE","FALSE","FALSE","FALSE","FALSE",,"TRUE","CC-BY-4.0","FALSE",""
"PMC4464909","TRUE","TRUE","FALSE","FALSE","FALSE","TRUE","FALSE",,"FALSE","","FALSE",""
"PMC4468098","TRUE","TRUE","FALSE","FALSE","FALSE","FALSE","FALSE",,"TRUE","CC-BY-4.0","FALSE",""
"PMC4468844","FALSE","TRUE","FALSE","TRUE","FALSE","TRUE","TRUE",,"TRUE","CC-BY-4.0","FALSE",""
"PMC4476663","TRUE","TRUE","FALSE","FALSE","FALSE","TRUE","FALSE",,"TRUE","CC-BY-4.0","FALSE",""
"PMC4478202","TRUE","TRUE","FALSE","TRUE","FALSE","FALSE","FALSE",,"FALSE","","FALSE",""
"PMC4481842","FALSE","FALSE","FALSE","FALSE","FALSE","FALSE","TRUE",,"FALSE","","FALSE",""
"PMC4484479","FALSE","TRUE","FALSE","TRUE","FALSE","FALSE","FALSE",,"TRUE","CC-BY-2.5","FALSE",""
"PMC4487723","TRUE","FALSE","FALSE","FALSE","FALSE","FALSE","FALSE",,"TRUE","CC-BY-3.0","FALSE",""
"PMC4492271","TRUE","TRUE","FALSE","FALSE","FALSE","FALSE","FALSE",,"FALSE","","FALSE",""
"PMC4496068","TRUE","TRUE","FALSE","FALSE","FALSE","TRUE","FALSE",,"TRUE","CC-BY-4.0","FALSE",""
"PMC4506833","FALSE","FALSE","FALSE","FALSE","FALSE","TRUE","FALSE",,"TRUE","CC-BY-3.0","FALSE",""
"PMC4508918","FALSE","FALSE","FALSE","TRUE","FALSE","TRUE","FALSE",,"TRUE","CC-BY-4.0","FALSE",""
"PMC4511668","TRUE","TRUE","FALSE","FALSE","FALSE","TRUE","TRUE",,"TRUE","CC-BY-4.0","FALSE",""
"PMC4512110","TRUE","FALSE","FALSE","TRUE","FALSE","FALSE","FALSE",,"TRUE","CC-BY-4.0","FALSE",""
"PMC4514840","TRUE","TRUE","FALSE","FALSE","FALSE","TRUE","FALSE",,"TRUE","CC-BY-4.0","FALSE",""
"PMC4515121","FALSE","FALSE","FALSE","FALSE","FALSE","FALSE","FALSE",,"FALSE","","FALSE",""
"PMC4515208","FALSE","TRUE","FALSE","FALSE","FALSE","FALSE","TRUE",,"FALSE","","FALSE",""
"PMC4515463","TRUE","FALSE","FALSE","TRUE","FALSE","FALSE","FALSE",,"TRUE","CC-BY-NC-3.0","FALSE",""
"PMC4517423","FALSE","TRUE","FALSE","FALSE","FALSE","FALSE","FALSE",,"FALSE","","FALSE",""
"PMC4518687","TRUE","TRUE","TRUE","FALSE","FALSE","FALSE","FALSE",,"TRUE","CC-BY-4.0","FALSE",""
"PMC4521537","TRUE","TRUE","TRUE","FALSE","FALSE","FALSE","FALSE",,"TRUE","CC-BY-NC-4.0","FALSE",""
"PMC4522127","TRUE","TRUE","TRUE","FALSE","FALSE","FALSE","FALSE",,"TRUE","CC-BY-4.0","TRUE","CONSORT"
"PMC4523258","TRUE","FALSE","FALSE","FALSE","FALSE","FALSE","FALSE",,"TRUE","CC-BY-2.5","FALSE",""
"PMC4526216","TRUE","FALSE","FALSE","TRUE","FALSE","FALSE","FALSE",,"TRUE","CC-BY-3.0","FALSE",""
"PMC4531468","TRUE","TRUE","TRUE","FALSE","FALSE","FALSE","FALSE",,"TRUE","CC-BY-3.0","FALSE",""
"PMC4535669","TRUE","TRUE","FALSE","FALSE","FALSE","TRUE","FALSE",,"TRUE","CC-BY-4.0","FALSE",""
"PMC4538313","TRUE","FALSE","FALSE","FALSE","TRUE","FALSE","FALSE",,"TRUE","CC-BY-3.0","FALSE",""
"PMC4541651","TRUE","TRUE","TRUE","FALSE","FALSE","FALSE","FALSE",,"TRUE","CC-BY-NC-3.0","FALSE",""
"PMC4541671","TRUE","FALSE","FALSE","FALSE","FALSE","FALSE","FALSE",,"TRUE","CC-BY-NC-3.0","FALSE",""
"PMC4545680","TRUE","TRUE","FALSE","FALSE","FALSE","FALSE","FALSE",,"TRUE","CC-BY-4.0","FALSE",""
"PMC4547095","TRUE","TRUE","FALSE","TRUE","FALSE","TRUE","FALSE",,"TRUE","CC-BY-4.0","FALSE",""
"PMC4549265","TRUE","TRUE","TRUE","TRUE","FALSE","TRUE","FALSE",,"TRUE","CC-BY-4.0","TRUE","CONSORT; STROBE"
"PMC4551248","FALSE","FALSE","FALSE","FALSE","FALSE","FALSE","FALSE",,"FALSE","","FALSE",""
"PMC4556693","TRUE","TRUE","FALSE","TRUE","FALSE","TRUE","FALSE",,"TRUE","CC-BY-4.0","TRUE","ARRIVE"
"PMC4559568","FALSE","FALSE","FALSE","FALSE","FALSE","FALSE","FALSE",,"TRUE","CC-BY-4.0","FALSE",""
"PMC4559752","TRUE","TRUE","FALSE","FALSE","FALSE","FALSE","FALSE",,"FALSE","","FALSE",""
"PMC4564908","TRUE","FALSE","FALSE","FALSE","FALSE","FALSE","FALSE",,"TRUE","CC-BY-2.0","FALSE",""
"PMC4565825","FALSE","TRUE","FALSE","FALSE","FALSE","FALSE","FALSE",,"TRUE","CC-BY-NC-ND-3.0","FALSE",""
"PMC4565895","TRUE","FALSE","FALSE","TRUE","FALSE","FALSE","FALSE",,"TRUE","CC-BY-NC-4.0","FALSE",""
"PMC4567380","TRUE","TRUE","FALSE","TRUE","FALSE","TRUE","FALSE",,"TRUE","CC-BY-4.0","FALSE",""
"PMC4568928","TRUE","TRUE","FALSE","TRUE","FALSE","FALSE","FALSE",,"TRUE","CC-BY-4.0","FALSE",""
"PMC4569059","TRUE","TRUE","FALSE","FALSE","FALSE","TRUE","FALSE",,"TRUE","CC-BY-4.0","FALSE",""
"PMC4569533","TRUE","FALSE","TRUE","FALSE","FALSE","FALSE","FALSE",,"TRUE","CC-BY-4.0","TRUE","CONSORT"
"PMC4570369","TRUE","TRUE","FALSE","FALSE","FALSE","FALSE","FALSE",,"TRUE","CC-BY-4.0","FALSE",""
"PMC4576018","TRUE","TRUE","TRUE","FALSE","FALSE","FALSE","FALSE",,"TRUE","CC-BY-3.0","FALSE",""
"PMC4578754","TRUE","TRUE","TRUE","FALSE","FALSE","FALSE","FALSE",,"TRUE","CC-BY-4.0","FALSE",""
"PMC4588428","TRUE","FALSE","FALSE","FALSE","TRUE","FALSE","FALSE",,"TRUE","CC-BY-4.0","FALSE",""
"PMC4591228","FALSE","TRUE","FALSE","FALSE","FALSE","FALSE","FALSE",,"TRUE","CC-BY-4.0","FALSE",""
"PMC4600289","TRUE","TRUE","FALSE","TRUE","FALSE","FALSE","FALSE",,"TRUE","CC-BY-4.0","FALSE",""
"PMC4603815","TRUE","FALSE","FALSE","FALSE","FALSE","FALSE","FALSE",,"TRUE","CC-BY-4.0","FALSE",""
"PMC4606131","TRUE","FALSE","FALSE","FALSE","FALSE","FALSE","FALSE",,"TRUE","CC-BY-3.0","FALSE",""
"PMC4608699","TRUE","TRUE","FALSE","FALSE","FALSE","TRUE","FALSE",,"TRUE","CC-BY-4.0","FALSE",""
"PMC4611162","TRUE","TRUE","TRUE","FALSE","FALSE","FALSE","FALSE",,"TRUE","CC-BY-2.5","FALSE",""
"PMC4613502","TRUE","TRUE","FALSE","FALSE","FALSE","FALSE","FALSE",,"FALSE","","FALSE",""
"PMC4615162","FALSE","FALSE","FALSE","FALSE","FALSE","FALSE","FALSE",,"FALSE","","FALSE",""
"PMC4617455","TRUE","TRUE","TRUE","FALSE","FALSE","FALSE","FALSE",,"TRUE","CC-BY-4.0","FALSE",""
"PMC4619014","TRUE","TRUE","TRUE","FALSE","FALSE","FALSE","FALSE",,"TRUE","CC-BY-4.0","FALSE",""
"PMC4620912","TRUE","FALSE","FALSE","FALSE","FALSE","FALSE","FALSE",,"FALSE","","FALSE",""
"PMC4621066","FALSE","FALSE","FALSE","FALSE","FALSE","FALSE","FALSE",,"FALSE","","FALSE",""
"PMC4623293","TRUE","TRUE","FALSE","FALSE","FALSE","FALSE","FALSE",,"TRUE","CC-BY-4.0","FALSE",""
"PMC4624193","TRUE","TRUE","TRUE","FALSE","FALSE","FALSE","FALSE",,"TRUE","CC-BY-4.0","FALSE",""
"PMC4626151","FALSE","TRUE","FALSE","TRUE","FALSE","FALSE","FALSE",,"TRUE","CC-BY-NC-ND-4.0","FALSE",""
"PMC4631723","TRUE","TRUE","FALSE","FALSE","FALSE","FALSE","FALSE",,"TRUE","CC-BY-4.0","FALSE",""
"PMC4633225","TRUE","TRUE","FALSE","FALSE","FALSE","FALSE","FALSE",,"TRUE","CC-BY-4.0","FALSE",""
"PMC4635492","FALSE","FALSE","FALSE","FALSE","FALSE","FALSE","FALSE",,"TRUE","CC-BY-3.0","FALSE",""
"PMC4639967","FALSE","FALSE","FALSE","FALSE","FALSE","FALSE","FALSE",,"FALSE","","FALSE",""
"PMC4640324","TRUE","TRUE","FALSE","FALSE","FALSE","FALSE","FALSE",,"TRUE","CC-BY-4.0","FALSE",""
"PMC4640586","TRUE","TRUE","FALSE","FALSE","FALSE","TRUE","FALSE",,"TRUE","CC-BY-4.0","FALSE",""
"PMC4640885","TRUE","TRUE","FALSE","FALSE","FALSE","TRUE","FALSE",,"TRUE","CC-BY-4.0","FALSE",""
"PMC4642621","TRUE","FALSE","FALSE","TRUE","FALSE","FALSE","FALSE",,"TRUE","CC-BY-4.0","FALSE",""
"PMC4645955","TRUE","TRUE","FALSE","FALSE","FALSE","FALSE","FALSE",,"TRUE","CC-BY-NC-ND-4.0","FALSE",""
"PMC4646697","TRUE","TRUE","FALSE","FALSE","FALSE","TRUE","FALSE",,"TRUE","CC-BY-4.0","FALSE",""
"PMC4654308","TRUE","TRUE","TRUE","FALSE","FALSE","FALSE","FALSE",,"TRUE","CC-BY-NC-4.0","FALSE",""
"PMC4654353","TRUE","TRUE","FALSE","FALSE","FALSE","TRUE","FALSE",,"TRUE","CC-BY-NC-4.0","FALSE",""
"PMC4656944","TRUE","TRUE","FALSE","FALSE","FALSE","FALSE","FALSE",,"TRUE","CC-BY-2.0","FALSE",""
"PMC4657264","TRUE","FALSE","FALSE","FALSE","FALSE","TRUE","FALSE",,"TRUE","CC-BY-4.0","FALSE",""
"PMC4657923","TRUE","TRUE","TRUE","FALSE","FALSE","TRUE","FALSE",,"TRUE","CC-BY-4.0","FALSE",""
"PMC4662011","TRUE","FALSE","FALSE","FALSE","FALSE","FALSE","FALSE",,"TRUE","CC-BY-4.0","FALSE",""
"PMC4662336","FALSE","FALSE","FALSE","FALSE","FALSE","FALSE","FALSE",,"TRUE","CC-BY-NC-ND-4.0","FALSE",""
"PMC4662508","TRUE","FALSE","FALSE","FALSE","FALSE","FALSE","FALSE",,"TRUE","CC-BY-2.0","FALSE",""
"PMC4665006","FALSE","TRUE","FALSE","TRUE","FALSE","TRUE","FALSE",,"TRUE","CC-BY-4.0","FALSE",""
"PMC4666137","FALSE","TRUE","FALSE","FALSE","FALSE","FALSE","FALSE",,"FALSE","","FALSE",""
"PMC4668816","FALSE","FALSE","FALSE","FALSE","FALSE","FALSE","FALSE",,"FALSE","","FALSE",""
"PMC4670119","TRUE","TRUE","FALSE","FALSE","FALSE","TRUE","TRUE",,"TRUE","CC-BY-4.0","FALSE",""
"PMC4671716","TRUE","TRUE","FALSE","FALSE","TRUE","TRUE","FALSE",,"TRUE","CC-BY-4.0","FALSE",""
"PMC4671990","TRUE","FALSE","FALSE","FALSE","FALSE","FALSE","FALSE",,"TRUE","CC-BY-4.0","FALSE",""
"PMC4675062","TRUE","FALSE","FALSE","FALSE","FALSE","TRUE","FALSE",,"TRUE","CC-BY-4.0","FALSE",""
"PMC4677295","TRUE","TRUE","FALSE","TRUE","FALSE","TRUE","FALSE",,"TRUE","CC-BY-4.0","FALSE",""
"PMC4678572","TRUE","TRUE","FALSE","TRUE","FALSE","FALSE","FALSE",,"TRUE","CC-BY-4.0","FALSE",""
"PMC4683413","TRUE","TRUE","FALSE","FALSE","FALSE","FALSE","FALSE",,"FALSE","","FALSE",""
"PMC4683642","FALSE","TRUE","FALSE","FALSE","FALSE","FALSE","FALSE",,"TRUE","CC-BY-4.0","FALSE",""
"PMC4691789","TRUE","TRUE","TRUE","TRUE","FALSE","FALSE","FALSE",,"TRUE","CC-BY-NC-4.0","TRUE","SPIRIT"
"PMC4694888","TRUE","TRUE","FALSE","FALSE","FALSE","FALSE","FALSE",,"TRUE","CC-BY-2.5","FALSE",""
"PMC4695100","FALSE","FALSE","FALSE","FALSE","FALSE","FALSE","FALSE",,"TRUE","CC-BY-2.5","FALSE",""
"PMC4696694","FALSE","FALSE","FALSE","FALSE","FALSE","FALSE","FALSE",,"TRUE","CC-BY-4.0","FALSE",""
"PMC4700729","TRUE","TRUE","TRUE","FALSE","FALSE","FALSE","FALSE",,"TRUE","CC-BY-4.0","FALSE",""
"PMC4701407","TRUE","TRUE","TRUE","FALSE","FALSE","FALSE","FALSE",,"TRUE","CC-BY-4.0","TRUE","CONSORT"
"PMC4702781","TRUE","TRUE","FALSE","TRUE","FALSE","TRUE","FALSE",,"TRUE","CC-BY-4.0","FALSE",""
"PMC4704540","TRUE","TRUE","FALSE","FALSE","FALSE","FALSE","FALSE",,"TRUE","CC-BY-4.0","FALSE",""
"PMC4705122","FALSE","TRUE","FALSE","FALSE","FALSE","FALSE","FALSE",,"TRUE","CC-BY-4.0","FALSE",""
"PMC4705581","TRUE","TRUE","TRUE","FALSE","FALSE","FALSE","FALSE",,"TRUE","CC-BY-4.0","TRUE","RAMESES; PRISMA"
"PMC4708616","TRUE","FALSE","FALSE","FALSE","FALSE","FALSE","FALSE",,"TRUE","CC-BY-NC-3.0","FALSE",""
"PMC4709058","TRUE","TRUE","FALSE","FALSE","FALSE","TRUE","FALSE",,"TRUE","CC-BY-4.0","FALSE",""
"PMC4709352","FALSE","TRUE","FALSE","FALSE","FALSE","FALSE","FALSE",,"FALSE","","FALSE",""
"PMC4709929","TRUE","TRUE","FALSE","FALSE","FALSE","FALSE","FALSE",,"TRUE","CC-BY-4.0","FALSE",""
"PMC4713048","FALSE","TRUE","FALSE","FALSE","FALSE","FALSE","FALSE",,"TRUE","CC-BY-4.0","FALSE",""
"PMC4713074","TRUE","TRUE","TRUE","FALSE","FALSE","TRUE","FALSE",,"TRUE","CC-BY-4.0","FALSE",""
"PMC4723339","TRUE","TRUE","FALSE","TRUE","FALSE","TRUE","FALSE",,"TRUE","CC-BY-4.0","FALSE",""
"PMC4725016","FALSE","TRUE","FALSE","FALSE","FALSE","FALSE","FALSE",,"TRUE","CC-BY-NC-SA-3.0","FALSE",""
"PMC4726425","FALSE","TRUE","FALSE","FALSE","FALSE","FALSE","FALSE",,"TRUE","CC-BY-4.0","FALSE",""
"PMC4729515","TRUE","TRUE","FALSE","FALSE","FALSE","TRUE","FALSE",,"TRUE","CC-BY-NC-4.0","FALSE",""
"PMC4731984","TRUE","TRUE","TRUE","TRUE","FALSE","FALSE","FALSE",,"TRUE","CC-BY-4.0","FALSE",""
"PMC4732663","TRUE","TRUE","FALSE","FALSE","FALSE","TRUE","FALSE",,"TRUE","CC-BY-4.0","FALSE",""
"PMC4735068","TRUE","TRUE","FALSE","FALSE","FALSE","FALSE","FALSE",,"TRUE","CC-BY-4.0","FALSE",""
"PMC4736157","TRUE","TRUE","TRUE","FALSE","FALSE","FALSE","FALSE",,"TRUE","CC-BY-4.0","FALSE",""
"PMC4736610","TRUE","TRUE","TRUE","TRUE","FALSE","FALSE","FALSE",,"TRUE","CC-BY-4.0","TRUE","CONSORT"
"PMC4738289","TRUE","TRUE","FALSE","FALSE","FALSE","FALSE","TRUE",,"TRUE","CC-BY-4.0","FALSE",""
"PMC4739000","TRUE","FALSE","FALSE","FALSE","FALSE","FALSE","FALSE",,"TRUE","CC-BY-4.0","FALSE",""
"PMC4740227","TRUE","TRUE","FALSE","TRUE","FALSE","FALSE","FALSE",,"FALSE","","FALSE",""
"PMC4744998","FALSE","FALSE","FALSE","FALSE","FALSE","FALSE","FALSE",,"TRUE","CC-BY-NC-ND-3.0","FALSE",""
"PMC4746196","TRUE","TRUE","FALSE","FALSE","TRUE","FALSE","FALSE",,"TRUE","CC-BY-4.0","TRUE","PRISMA"
"PMC4749391","TRUE","TRUE","FALSE","FALSE","FALSE","TRUE","FALSE",,"TRUE","CC-BY-4.0","FALSE",""
"PMC4752501","TRUE","TRUE","FALSE","TRUE","TRUE","FALSE","FALSE",,"TRUE","CC-BY-4.0","FALSE",""
"PMC4755757","TRUE","TRUE","FALSE","FALSE","FALSE","TRUE","FALSE",,"TRUE","CC-BY-4.0","FALSE",""
"PMC4757015","FALSE","FALSE","FALSE","FALSE","FALSE","FALSE","FALSE",,"TRUE","CC-BY-4.0","FALSE",""
"PMC4759772","TRUE","TRUE","TRUE","TRUE","FALSE","FALSE","FALSE",,"TRUE","CC-BY-4.0","FALSE",""
"PMC4762123","TRUE","TRUE","TRUE","FALSE","FALSE","FALSE","FALSE",,"TRUE","CC-BY-NC-4.0","TRUE","CONSORT"
"PMC4763162","TRUE","TRUE","FALSE","TRUE","FALSE","FALSE","FALSE",,"TRUE","CC-BY-4.0","FALSE",""
"PMC4765882","TRUE","TRUE","FALSE","FALSE","FALSE","FALSE","TRUE",,"TRUE","CC-BY-NC-4.0","FALSE",""
"PMC4766082","TRUE","TRUE","FALSE","FALSE","FALSE","TRUE","FALSE",,"TRUE","CC-BY-4.0","FALSE",""
"PMC4767471","TRUE","TRUE","FALSE","TRUE","FALSE","FALSE","FALSE",,"TRUE","CC-BY-2.5","FALSE",""
"PMC4767551","TRUE","TRUE","FALSE","TRUE","TRUE","FALSE","FALSE",,"FALSE","","FALSE",""
"PMC4768886","TRUE","TRUE","FALSE","FALSE","FALSE","FALSE","TRUE",,"TRUE","CC-BY-4.0","FALSE",""
"PMC4769173","TRUE","TRUE","FALSE","TRUE","TRUE","TRUE","FALSE",,"TRUE","CC-BY-4.0","FALSE",""
"PMC4771990","TRUE","FALSE","FALSE","FALSE","FALSE","FALSE","FALSE",,"TRUE","CC-BY-4.0","FALSE",""
"PMC4772850","FALSE","TRUE","FALSE","FALSE","FALSE","FALSE","FALSE",,"FALSE","","FALSE",""
"PMC4773712","TRUE","TRUE","FALSE","FALSE","FALSE","FALSE","FALSE",,"TRUE","CC-BY-NC-3.0","FALSE",""
"PMC4776393","TRUE","TRUE","FALSE","TRUE","TRUE","FALSE","FALSE",,"TRUE","CC-BY-4.0","FALSE",""
"PMC4778540","TRUE","TRUE","TRUE","FALSE","FALSE","FALSE","FALSE",,"TRUE","","FALSE",""
"PMC4782816","TRUE","FALSE","FALSE","FALSE","FALSE","FALSE","FALSE",,"TRUE","CC-BY-NC-ND-4.0","FALSE",""
"PMC4782842","TRUE","TRUE","TRUE","FALSE","FALSE","FALSE","FALSE",,"TRUE","CC-BY-ND-4.0","TRUE","CONSORT"
"PMC4783698","FALSE","TRUE","FALSE","FALSE","FALSE","FALSE","FALSE",,"TRUE","CC-BY-4.0","FALSE",""
"PMC4785392","FALSE","TRUE","FALSE","TRUE","FALSE","FALSE","TRUE",,"TRUE","CC-BY-4.0","FALSE",""
"PMC4785654","TRUE","TRUE","FALSE","FALSE","TRUE","TRUE","FALSE",,"TRUE","CC-BY-4.0","FALSE",""
"PMC4788107","FALSE","TRUE","FALSE","TRUE","FALSE","FALSE","FALSE",,"TRUE","CC-BY-4.0","FALSE",""
"PMC4794126","TRUE","TRUE","TRUE","TRUE","FALSE","FALSE","FALSE",,"TRUE","CC-BY-4.0","FALSE",""
"PMC4803633","TRUE","TRUE","FALSE","FALSE","FALSE","FALSE","FALSE",,"FALSE","","FALSE",""
"PMC4804054","FALSE","FALSE","FALSE","TRUE","FALSE","FALSE","FALSE",,"TRUE","CC-BY-3.0","FALSE",""
"PMC4804293","TRUE","TRUE","FALSE","FALSE","FALSE","FALSE","TRUE",,"TRUE","CC-BY-4.0","FALSE",""
"PMC4806903","FALSE","FALSE","FALSE","FALSE","FALSE","FALSE","FALSE",,"FALSE","","FALSE",""
"PMC4808529","TRUE","TRUE","FALSE","TRUE","FALSE","FALSE","FALSE",,"TRUE","CC-BY-4.0","FALSE",""
"PMC4816309","TRUE","TRUE","FALSE","FALSE","FALSE","TRUE","FALSE",,"TRUE","CC-BY-4.0","FALSE",""
"PMC4820113","TRUE","TRUE","FALSE","FALSE","FALSE","TRUE","FALSE",,"TRUE","CC-BY-4.0","FALSE",""
"PMC4820950","TRUE","FALSE","FALSE","FALSE","FALSE","FALSE","FALSE",,"TRUE","CC-BY-4.0","TRUE","CONSORT"
"PMC4822041","FALSE","TRUE","FALSE","FALSE","FALSE","TRUE","FALSE",,"TRUE","CC-BY-4.0","FALSE",""
"PMC4822980","FALSE","FALSE","FALSE","FALSE","FALSE","FALSE","FALSE",,"FALSE","","FALSE",""
"PMC4823936","TRUE","TRUE","FALSE","FALSE","FALSE","FALSE","FALSE",,"TRUE","CC-BY-4.0","FALSE",""
"PMC4824123","FALSE","TRUE","FALSE","FALSE","FALSE","TRUE","FALSE",,"TRUE","CC-BY-NC-4.0","FALSE",""
"PMC4824984","FALSE","FALSE","FALSE","FALSE","FALSE","FALSE","FALSE",,"FALSE","","FALSE",""
"PMC4825073","TRUE","TRUE","FALSE","FALSE","FALSE","FALSE","FALSE",,"TRUE","CC-BY-4.0","FALSE",""
"PMC4826334","TRUE","TRUE","TRUE","FALSE","FALSE","FALSE","FALSE",,"TRUE","CC-BY-NC-ND-4.0","FALSE",""
"PMC4827178","TRUE","TRUE","TRUE","FALSE","FALSE","FALSE","FALSE",,"TRUE","CC-BY-4.0","TRUE","CONSORT"
"PMC4830046","TRUE","TRUE","FALSE","FALSE","FALSE","FALSE","FALSE",,"TRUE","CC-BY-4.0","FALSE",""
"PMC4830547","TRUE","TRUE","FALSE","FALSE","FALSE","FALSE","FALSE",,"TRUE","CC-BY-4.0","FALSE",""
"PMC4835789","FALSE","TRUE","FALSE","TRUE","FALSE","FALSE","FALSE",,"TRUE","CC-BY-4.0","FALSE",""
"PMC4840456","FALSE","TRUE","FALSE","FALSE","FALSE","TRUE","FALSE",,"TRUE","CC-BY-4.0","FALSE",""
"PMC4840740","FALSE","FALSE","FALSE","FALSE","FALSE","FALSE","FALSE",,"FALSE","","FALSE",""
"PMC4846066","TRUE","TRUE","FALSE","FALSE","FALSE","TRUE","FALSE",,"TRUE","CC-BY-4.0","FALSE",""
"PMC4846743","TRUE","FALSE","FALSE","TRUE","FALSE","FALSE","FALSE",,"TRUE","CC-BY-3.0","FALSE",""
"PMC4847639","TRUE","TRUE","FALSE","FALSE","FALSE","TRUE","FALSE",,"FALSE","","FALSE",""
"PMC4848573","FALSE","TRUE","FALSE","TRUE","FALSE","FALSE","FALSE",,"TRUE","CC-BY-NC-ND-4.0","FALSE",""
"PMC4849007","TRUE","FALSE","TRUE","FALSE","FALSE","FALSE","FALSE",,"TRUE","CC-BY-4.0","TRUE","PRISMA"
"PMC4851141","TRUE","FALSE","FALSE","FALSE","FALSE","FALSE","FALSE",,"TRUE","CC-BY-4.0","FALSE",""
"PMC4851781","TRUE","TRUE","FALSE","TRUE","FALSE","FALSE","TRUE",,"TRUE","CC-BY-4.0","FALSE",""
"PMC4853467","FALSE","TRUE","TRUE","TRUE","TRUE","TRUE","FALSE",,"TRUE","CC-BY-4.0","FALSE",""
"PMC4855331","TRUE","TRUE","FALSE","FALSE","FALSE","TRUE","TRUE",,"TRUE","CC-BY-4.0","FALSE",""
"PMC4856747","TRUE","TRUE","FALSE","FALSE","FALSE","TRUE","FALSE",,"TRUE","CC-BY-NC-ND-4.0","FALSE",""
"PMC4856811","TRUE","FALSE","FALSE","FALSE","FALSE","FALSE","FALSE",,"TRUE","CC-BY-NC-SA-4.0","FALSE",""
"PMC4857881","FALSE","TRUE","FALSE","FALSE","FALSE","TRUE","FALSE",,"FALSE","","FALSE",""
"PMC4858403","FALSE","FALSE","FALSE","TRUE","FALSE","FALSE","FALSE",,"FALSE","","FALSE",""
"PMC4858874","TRUE","TRUE","FALSE","FALSE","FALSE","TRUE","TRUE",,"TRUE","CC-BY-4.0","FALSE",""
"PMC4860040","TRUE","FALSE","FALSE","TRUE","FALSE","FALSE","TRUE",,"FALSE","","FALSE",""
"PMC4862330","TRUE","TRUE","FALSE","FALSE","FALSE","FALSE","FALSE",,"TRUE","CC-BY-NC-SA-3.0","FALSE",""
"PMC4869400","TRUE","TRUE","FALSE","FALSE","FALSE","FALSE","FALSE",,"TRUE","CC-BY-4.0","FALSE",""
"PMC4875949","FALSE","TRUE","FALSE","FALSE","FALSE","FALSE","FALSE",,"TRUE","CC-BY-4.0","FALSE",""
"PMC4879615","FALSE","TRUE","FALSE","TRUE","FALSE","FALSE","FALSE",,"TRUE","CC-BY-4.0","FALSE",""
"PMC4889557","TRUE","FALSE","FALSE","TRUE","FALSE","FALSE","TRUE",,"FALSE","","FALSE",""
"PMC4889937","TRUE","TRUE","FALSE","TRUE","FALSE","FALSE","TRUE",,"TRUE","CC-BY-4.0","FALSE",""
"PMC4890272","TRUE","TRUE","TRUE","FALSE","FALSE","FALSE","FALSE",,"TRUE","CC-BY-4.0","TRUE","CONSORT; TIDieR; SPIRIT"
"PMC4892996","TRUE","TRUE","FALSE","FALSE","FALSE","TRUE","FALSE",,"FALSE","","FALSE",""
"PMC4896037","TRUE","FALSE","TRUE","FALSE","FALSE","FALSE","FALSE",,"TRUE","CC-BY-4.0","FALSE",""
"PMC4904801","TRUE","TRUE","FALSE","FALSE","FALSE","FALSE","FALSE",,"TRUE","CC-BY-NC-ND-4.0","FALSE",""
"PMC4908349","FALSE","TRUE","FALSE","FALSE","FALSE","FALSE","TRUE",,"TRUE","CC-BY-NC-4.0","FALSE",""
"PMC4909363","TRUE","TRUE","TRUE","FALSE","FALSE","FALSE","FALSE",,"TRUE","CC-BY-NC-ND-4.0","FALSE",""
"PMC4912814","TRUE","TRUE","FALSE","TRUE","FALSE","TRUE","FALSE",,"TRUE","CC-BY-4.0","FALSE",""
"PMC4913322","FALSE","TRUE","FALSE","FALSE","FALSE","FALSE","TRUE",,"TRUE","CC-BY-4.0","FALSE",""
"PMC4913965","TRUE","TRUE","FALSE","FALSE","FALSE","TRUE","FALSE",,"TRUE","CC-BY-4.0","FALSE",""
"PMC4916190","FALSE","TRUE","FALSE","TRUE","FALSE","FALSE","FALSE",,"TRUE","CC-BY-4.0","FALSE",""
"PMC4916972","FALSE","TRUE","FALSE","FALSE","FALSE","TRUE","FALSE",,"FALSE","","FALSE",""
"PMC4926723","TRUE","FALSE","FALSE","FALSE","FALSE","FALSE","FALSE",,"TRUE","CC-BY-2.0","FALSE",""
"PMC4931044","TRUE","TRUE","FALSE","TRUE","FALSE","FALSE","FALSE",,"TRUE","CC-BY-NC-SA-4.0","FALSE",""
"PMC4931707","TRUE","FALSE","FALSE","FALSE","FALSE","FALSE","FALSE",,"TRUE","CC-BY-4.0","FALSE",""
"PMC4931821","FALSE","FALSE","FALSE","FALSE","FALSE","FALSE","FALSE",,"TRUE","CC-BY-2.5","FALSE",""
"PMC4933239","FALSE","TRUE","FALSE","FALSE","FALSE","FALSE","FALSE",,"FALSE","","FALSE",""
"PMC4936246","TRUE","FALSE","FALSE","FALSE","FALSE","FALSE","FALSE",,"TRUE","CC-BY-4.0","FALSE",""
"PMC4940583","FALSE","FALSE","FALSE","FALSE","FALSE","FALSE","FALSE",,"TRUE","CC-BY-NC-3.0","FALSE",""
"PMC4943599","TRUE","TRUE","FALSE","TRUE","FALSE","TRUE","FALSE",,"TRUE","CC-BY-4.0","FALSE",""
"PMC4944942","TRUE","TRUE","FALSE","FALSE","FALSE","TRUE","FALSE",,"TRUE","CC-BY-4.0","FALSE",""
"PMC4945917","FALSE","TRUE","FALSE","TRUE","FALSE","TRUE","FALSE",,"TRUE","CC-BY-4.0","FALSE",""
"PMC4949907","TRUE","TRUE","TRUE","TRUE","FALSE","FALSE","TRUE",,"TRUE","CC-BY-4.0","FALSE",""
"PMC4950066","TRUE","TRUE","TRUE","FALSE","FALSE","FALSE","FALSE",,"TRUE","CC-BY-4.0","FALSE",""
"PMC4951502","TRUE","TRUE","FALSE","FALSE","FALSE","FALSE","FALSE",,"TRUE","CC-BY-4.0","FALSE",""
"PMC4954646","TRUE","TRUE","FALSE","FALSE","FALSE","TRUE","FALSE",,"TRUE","CC-BY-4.0","FALSE",""
"PMC4954804","TRUE","FALSE","FALSE","FALSE","FALSE","FALSE","FALSE",,"TRUE","CC-BY-4.0","FALSE",""
"PMC4956537","TRUE","TRUE","FALSE","FALSE","FALSE","FALSE","FALSE",,"FALSE","","FALSE",""
"PMC4956785","TRUE","FALSE","FALSE","TRUE","FALSE","FALSE","FALSE",,"TRUE","CC-BY-4.0","FALSE",""
"PMC4957532","FALSE","FALSE","FALSE","FALSE","FALSE","FALSE","FALSE",,"TRUE","CC-BY-NC-4.0","FALSE",""
"PMC4960487","FALSE","TRUE","FALSE","TRUE","FALSE","FALSE","FALSE",,"TRUE","CC-BY-4.0","FALSE",""
"PMC4969327","TRUE","TRUE","FALSE","FALSE","FALSE","FALSE","FALSE",,"TRUE","CC-BY-NC-4.0","FALSE",""
"PMC4970835","TRUE","TRUE","FALSE","FALSE","FALSE","FALSE","FALSE",,"TRUE","CC-BY-NC-ND-4.0","FALSE",""
"PMC4971531","TRUE","TRUE","FALSE","TRUE","FALSE","FALSE","FALSE",,"TRUE","CC-BY-4.0","FALSE",""
"PMC4972480","TRUE","TRUE","TRUE","FALSE","FALSE","FALSE","FALSE",,"TRUE","CC-BY-NC-ND-4.0","FALSE",""
"PMC4973242","FALSE","FALSE","FALSE","FALSE","FALSE","FALSE","FALSE",,"TRUE","CC-BY-4.0","FALSE",""
"PMC4974352","FALSE","TRUE","FALSE","FALSE","FALSE","FALSE","FALSE",,"FALSE","","FALSE",""
"PMC4974565","FALSE","TRUE","FALSE","FALSE","FALSE","TRUE","TRUE",,"TRUE","CC-BY-4.0","FALSE",""
"PMC4976268","FALSE","FALSE","FALSE","FALSE","FALSE","FALSE","FALSE",,"TRUE","CC-BY-NC-ND-4.0","FALSE",""
"PMC4976955","TRUE","TRUE","FALSE","FALSE","FALSE","FALSE","FALSE",,"TRUE","CC-BY-4.0","FALSE",""
"PMC4977650","TRUE","FALSE","FALSE","FALSE","FALSE","FALSE","FALSE",,"TRUE","CC-BY-4.0","FALSE",""
"PMC4985375","TRUE","TRUE","FALSE","TRUE","FALSE","FALSE","FALSE",,"TRUE","CC-BY-4.0","FALSE",""
"PMC4987194","TRUE","TRUE","FALSE","FALSE","FALSE","FALSE","FALSE",,"FALSE","","FALSE",""
"PMC4988547","FALSE","TRUE","FALSE","FALSE","FALSE","FALSE","FALSE",,"TRUE","CC-BY-4.0","FALSE",""
"PMC4990035","FALSE","FALSE","FALSE","TRUE","FALSE","FALSE","FALSE",,"TRUE","CC-BY-4.0","FALSE",""
"PMC4994417","TRUE","TRUE","FALSE","TRUE","FALSE","TRUE","FALSE",,"TRUE","CC-BY-4.0","FALSE",""
"PMC4997334","TRUE","TRUE","FALSE","FALSE","FALSE","FALSE","FALSE",,"TRUE","CC-BY-4.0","FALSE",""
"PMC4999187","TRUE","TRUE","FALSE","TRUE","FALSE","TRUE","FALSE",,"TRUE","CC-BY-4.0","FALSE",""
"PMC5005549","TRUE","FALSE","FALSE","FALSE","FALSE","FALSE","FALSE",,"TRUE","CC-BY-4.0","FALSE",""
"PMC5006169","FALSE","TRUE","FALSE","FALSE","TRUE","FALSE","TRUE",,"TRUE","CC-BY-4.0","FALSE",""
"PMC5008119","FALSE","TRUE","FALSE","FALSE","FALSE","FALSE","FALSE",,"TRUE","CC-BY-4.0","FALSE",""
"PMC5008769","TRUE","TRUE","FALSE","TRUE","FALSE","TRUE","FALSE",,"TRUE","CC-BY-4.0","FALSE",""
"PMC5013598","FALSE","TRUE","FALSE","FALSE","FALSE","TRUE","FALSE",,"TRUE","CC-BY-2.0","FALSE",""
"PMC5013915","FALSE","FALSE","FALSE","FALSE","FALSE","FALSE","TRUE",,"FALSE","","FALSE",""
"PMC5015259","TRUE","TRUE","FALSE","TRUE","FALSE","TRUE","FALSE",,"TRUE","CC-BY-4.0","FALSE",""
"PMC5015280","TRUE","TRUE","FALSE","FALSE","TRUE","FALSE","FALSE",,"TRUE","CC-BY-NC-ND-4.0","FALSE",""
"PMC5017651","TRUE","TRUE","FALSE","TRUE","FALSE","TRUE","FALSE",,"TRUE","CC0-1.0","FALSE",""
"PMC5022232","TRUE","TRUE","FALSE","TRUE","FALSE","TRUE","FALSE",,"TRUE","CC-BY-4.0","FALSE",""
"PMC5026720","FALSE","TRUE","FALSE","TRUE","FALSE","FALSE","FALSE",,"TRUE","CC-BY-4.0","FALSE",""
"PMC5026932","TRUE","TRUE","FALSE","TRUE","FALSE","TRUE","FALSE",,"FALSE","","FALSE",""
"PMC5027476","TRUE","TRUE","FALSE","FALSE","FALSE","TRUE","TRUE",,"TRUE","CC-BY-4.0","FALSE",""
"PMC5028229","TRUE","TRUE","FALSE","FALSE","FALSE","FALSE","FALSE",,"FALSE","","FALSE",""
"PMC5029605","TRUE","TRUE","FALSE","TRUE","FALSE","FALSE","FALSE",,"TRUE","CC-BY-2.5","FALSE",""
"PMC5033067","TRUE","TRUE","FALSE","FALSE","FALSE","FALSE","FALSE",,"TRUE","CC-BY-NC-3.0","FALSE",""
"PMC5034845","TRUE","TRUE","FALSE","FALSE","FALSE","FALSE","FALSE",,"TRUE","CC-BY-NC-4.0","FALSE",""
"PMC5034854","TRUE","TRUE","FALSE","FALSE","FALSE","FALSE","FALSE",,"TRUE","CC-BY-4.0","FALSE",""
"PMC5036232","TRUE","TRUE","FALSE","FALSE","FALSE","FALSE","FALSE",,"TRUE","CC-BY-4.0","FALSE",""
"PMC5037146","TRUE","FALSE","FALSE","TRUE","FALSE","FALSE","FALSE",,"TRUE","CC-BY-4.0","FALSE",""
"PMC5042845","TRUE","TRUE","FALSE","TRUE","FALSE","TRUE","FALSE",,"FALSE","","FALSE",""
"PMC5042852","TRUE","TRUE","FALSE","TRUE","FALSE","FALSE","FALSE",,"FALSE","","FALSE",""
"PMC5045446","FALSE","TRUE","FALSE","FALSE","FALSE","FALSE","FALSE",,"FALSE","","FALSE",""
"PMC5046920","FALSE","TRUE","FALSE","FALSE","FALSE","FALSE","FALSE",,"FALSE","","FALSE",""
"PMC5047943","FALSE","TRUE","FALSE","TRUE","FALSE","FALSE","FALSE",,"TRUE","CC-BY-4.0","FALSE",""
"PMC5049622","TRUE","TRUE","FALSE","FALSE","FALSE","FALSE","FALSE",,"TRUE","CC-BY-NC-4.0","FALSE",""
"PMC5052091","TRUE","TRUE","TRUE","FALSE","FALSE","FALSE","FALSE",,"FALSE","","FALSE",""
"PMC5052383","TRUE","FALSE","FALSE","FALSE","FALSE","TRUE","FALSE",,"TRUE","CC-BY-NC-ND-4.0","FALSE",""
"PMC5053481","TRUE","TRUE","FALSE","FALSE","FALSE","TRUE","FALSE",,"TRUE","CC-BY-4.0","FALSE",""
"PMC5059952","FALSE","TRUE","FALSE","FALSE","FALSE","FALSE","FALSE",,"TRUE","CC-BY-4.0","FALSE",""
"PMC5061900","TRUE","FALSE","FALSE","FALSE","FALSE","FALSE","FALSE",,"TRUE","CC-BY-NC-SA-4.0","FALSE",""
"PMC5062874","TRUE","TRUE","FALSE","TRUE","FALSE","FALSE","FALSE",,"TRUE","CC-BY-4.0","FALSE",""
"PMC5063430","TRUE","FALSE","FALSE","FALSE","FALSE","FALSE","FALSE",,"TRUE","CC-BY-NC-ND-4.0","FALSE",""
"PMC5064165","TRUE","TRUE","FALSE","FALSE","FALSE","FALSE","FALSE",,"TRUE","CC-BY-4.0","FALSE",""
"PMC5064919","TRUE","TRUE","TRUE","FALSE","FALSE","FALSE","FALSE",,"TRUE","CC-BY-4.0","TRUE","CONSORT"
"PMC5074238","TRUE","TRUE","FALSE","FALSE","FALSE","FALSE","FALSE",,"TRUE","CC-BY-NC-ND-3.0","FALSE",""
"PMC5078031","TRUE","TRUE","TRUE","FALSE","FALSE","FALSE","FALSE",,"TRUE","CC-BY-2.5","FALSE",""
"PMC5080379","TRUE","TRUE","FALSE","TRUE","FALSE","FALSE","FALSE",,"TRUE","CC-BY-4.0","FALSE",""
"PMC5080831","TRUE","FALSE","FALSE","FALSE","FALSE","FALSE","FALSE",,"TRUE","CC-BY-NC-3.0","FALSE",""
"PMC5081489","TRUE","TRUE","FALSE","FALSE","FALSE","FALSE","FALSE",,"TRUE","CC-BY-3.0","FALSE",""
"PMC5082641","TRUE","FALSE","FALSE","FALSE","FALSE","TRUE","FALSE",,"TRUE","CC-BY-4.0","FALSE",""
"PMC5082954","TRUE","TRUE","TRUE","TRUE","FALSE","TRUE","FALSE",,"TRUE","CC-BY-4.0","TRUE","PRISMA"
"PMC5089648","TRUE","TRUE","FALSE","TRUE","FALSE","FALSE","FALSE",,"TRUE","CC-BY-4.0","FALSE",""
"PMC5089782","TRUE","TRUE","FALSE","FALSE","FALSE","TRUE","FALSE",,"TRUE","CC-BY-4.0","FALSE",""
"PMC5093931","TRUE","TRUE","FALSE","FALSE","TRUE","FALSE","FALSE",,"TRUE","CC-BY-4.0","FALSE",""
"PMC5094771","TRUE","TRUE","FALSE","TRUE","FALSE","TRUE","FALSE",,"TRUE","CC-BY-4.0","FALSE",""
"PMC5094866","FALSE","TRUE","FALSE","TRUE","FALSE","FALSE","FALSE",,"TRUE","CC-BY-NC-4.0","FALSE",""
"PMC5095982","TRUE","TRUE","TRUE","FALSE","FALSE","TRUE","FALSE",,"TRUE","CC-BY-4.0","FALSE",""
"PMC5099199","TRUE","TRUE","TRUE","FALSE","FALSE","FALSE","FALSE",,"TRUE","CC-BY-NC-4.0","TRUE","CONSORT"
"PMC5099886","FALSE","TRUE","FALSE","TRUE","FALSE","TRUE","FALSE",,"TRUE","CC-BY-4.0","FALSE",""
"PMC5101260","TRUE","FALSE","FALSE","FALSE","FALSE","FALSE","FALSE",,"TRUE","CC-BY-4.0","FALSE",""
"PMC5101583","FALSE","TRUE","FALSE","FALSE","FALSE","TRUE","FALSE",,"TRUE","CC-BY-2.0","FALSE",""
"PMC5111773","TRUE","TRUE","TRUE","FALSE","FALSE","FALSE","FALSE",,"TRUE","CC-BY-NC-ND-4.0","FALSE",""
"PMC5112290","FALSE","FALSE","FALSE","FALSE","FALSE","FALSE","FALSE",,"TRUE","CC-BY-4.0","FALSE",""
"PMC5115885","FALSE","FALSE","FALSE","FALSE","FALSE","FALSE","FALSE",,"TRUE","CC-BY-2.5","FALSE",""
"PMC5117505","TRUE","TRUE","TRUE","FALSE","FALSE","FALSE","FALSE",,"TRUE","CC-BY-4.0","FALSE",""
"PMC5118597","TRUE","TRUE","FALSE","FALSE","FALSE","FALSE","FALSE",,"FALSE","","FALSE",""
"PMC5118689","FALSE","TRUE","FALSE","TRUE","FALSE","TRUE","TRUE",,"TRUE","CC-BY-4.0","FALSE",""
"PMC5121950","TRUE","TRUE","FALSE","FALSE","FALSE","FALSE","FALSE",,"TRUE","CC-BY-4.0","FALSE",""
"PMC5123429","TRUE","TRUE","FALSE","TRUE","FALSE","FALSE","FALSE",,"TRUE","CC-BY-4.0","TRUE","PRISMA"
"PMC5125541","TRUE","TRUE","FALSE","FALSE","FALSE","FALSE","FALSE",,"FALSE","","FALSE",""
"PMC5125705","TRUE","TRUE","FALSE","FALSE","FALSE","TRUE","FALSE",,"TRUE","CC-BY-4.0","FALSE",""
"PMC5125932","FALSE","TRUE","FALSE","FALSE","FALSE","FALSE","FALSE",,"TRUE","CC-BY-NC-SA-3.0","FALSE",""
"PMC5126859","TRUE","TRUE","TRUE","FALSE","FALSE","FALSE","FALSE",,"TRUE","CC-BY-4.0","TRUE","PRISMA"
"PMC5127138","TRUE","TRUE","FALSE","TRUE","FALSE","FALSE","FALSE",,"TRUE","CC-BY-4.0","FALSE",""
"PMC5130600","TRUE","TRUE","FALSE","FALSE","FALSE","FALSE","FALSE",,"FALSE","","FALSE",""
"PMC5135756","TRUE","TRUE","FALSE","TRUE","FALSE","TRUE","FALSE",,"TRUE","CC-BY-4.0","FALSE",""
"PMC5136438","TRUE","FALSE","TRUE","FALSE","FALSE","FALSE","FALSE",,"TRUE","CC-BY-NC-4.0","TRUE","CONSORT"
"PMC5138119","TRUE","TRUE","FALSE","FALSE","FALSE","FALSE","FALSE",,"FALSE","","FALSE",""
"PMC5138429","FALSE","FALSE","FALSE","TRUE","FALSE","TRUE","FALSE",,"TRUE","CC-BY-NC-ND-4.0","FALSE",""
"PMC5139035","TRUE","TRUE","FALSE","TRUE","FALSE","TRUE","TRUE",,"TRUE","CC-BY-4.0","FALSE",""
"PMC5146273","FALSE","TRUE","FALSE","FALSE","FALSE","TRUE","FALSE",,"TRUE","CC-BY-4.0","FALSE",""
"PMC5147920","TRUE","TRUE","FALSE","FALSE","FALSE","TRUE","FALSE",,"TRUE","CC-BY-4.0","FALSE",""
"PMC5154761","TRUE","TRUE","FALSE","FALSE","FALSE","FALSE","TRUE",,"TRUE","CC-BY-4.0","FALSE",""
"PMC5159920","FALSE","TRUE","FALSE","TRUE","FALSE","TRUE","FALSE",,"TRUE","CC-BY-4.0","FALSE",""
"PMC5167067","TRUE","TRUE","FALSE","FALSE","FALSE","FALSE","TRUE",,"TRUE","CC-BY-NC-4.0","FALSE",""
"PMC5171910","TRUE","TRUE","FALSE","TRUE","FALSE","FALSE","FALSE",,"TRUE","CC-BY-4.0","FALSE",""
"PMC5173330","TRUE","TRUE","FALSE","TRUE","FALSE","FALSE","FALSE",,"FALSE","","FALSE",""
"PMC5175292","TRUE","FALSE","FALSE","FALSE","FALSE","FALSE","FALSE",,"TRUE","CC-BY-4.0","FALSE",""
"PMC5178095","TRUE","TRUE","TRUE","FALSE","FALSE","FALSE","FALSE",,"TRUE","CC-BY-4.0","FALSE",""
"PMC5182511","TRUE","TRUE","FALSE","FALSE","FALSE","FALSE","FALSE",,"FALSE","","FALSE",""
"PMC5183791","TRUE","FALSE","FALSE","TRUE","FALSE","FALSE","FALSE",,"TRUE","CC-BY-4.0","FALSE",""
"PMC5205662","TRUE","TRUE","FALSE","FALSE","FALSE","FALSE","FALSE",,"TRUE","CC-BY-4.0","FALSE",""
"PMC5206287","TRUE","TRUE","TRUE","TRUE","FALSE","FALSE","FALSE",,"TRUE","CC-BY-NC-4.0","FALSE",""
"PMC5209887","TRUE","TRUE","TRUE","FALSE","FALSE","FALSE","FALSE",,"TRUE","CC-BY-4.0","FALSE",""
"PMC5210360","TRUE","FALSE","TRUE","FALSE","FALSE","FALSE","FALSE",,"TRUE","CC-BY-NC-4.0","FALSE",""
"PMC5210391","TRUE","TRUE","TRUE","FALSE","FALSE","FALSE","FALSE",,"TRUE","CC-BY-4.0","FALSE",""
"PMC5210618","TRUE","TRUE","FALSE","FALSE","FALSE","TRUE","TRUE",,"TRUE","CC-BY-NC-4.0","FALSE",""
"PMC5217044","TRUE","TRUE","FALSE","TRUE","FALSE","FALSE","FALSE",,"TRUE","CC-BY-2.5","FALSE",""
"PMC5217416","TRUE","FALSE","FALSE","FALSE","FALSE","FALSE","FALSE",,"TRUE","CC-BY-4.0","FALSE",""
"PMC5217901","TRUE","TRUE","FALSE","TRUE","FALSE","FALSE","FALSE",,"TRUE","CC-BY-NC-ND-4.0","TRUE","PRISMA"
"PMC5221396","TRUE","FALSE","FALSE","TRUE","FALSE","FALSE","FALSE",,"TRUE","CC-BY-NC-ND-4.0","FALSE",""
"PMC5221591","FALSE","TRUE","FALSE","FALSE","FALSE","FALSE","TRUE",,"FALSE","","FALSE",""
"PMC5224472","TRUE","TRUE","FALSE","TRUE","FALSE","TRUE","TRUE",,"TRUE","CC-BY-NC-4.0","FALSE",""
"PMC5226817","TRUE","TRUE","FALSE","FALSE","FALSE","TRUE","TRUE",,"TRUE","CC-BY-4.0","FALSE",""
"PMC5237164","TRUE","TRUE","FALSE","TRUE","FALSE","TRUE","FALSE",,"TRUE","CC-BY-4.0","FALSE",""
"PMC5241951","TRUE","TRUE","TRUE","FALSE","TRUE","FALSE","FALSE",,"TRUE","CC-BY-4.0","FALSE",""
"PMC5241954","TRUE","TRUE","TRUE","FALSE","FALSE","FALSE","FALSE",,"TRUE","CC-BY-4.0","FALSE",""
"PMC5243199","TRUE","TRUE","FALSE","TRUE","FALSE","TRUE","FALSE",,"FALSE","","FALSE",""
"PMC5244666","FALSE","TRUE","FALSE","TRUE","FALSE","TRUE","FALSE",,"TRUE","CC-BY-4.0","FALSE",""
"PMC5248646","FALSE","TRUE","FALSE","FALSE","FALSE","TRUE","FALSE",,"TRUE","CC-BY-4.0","FALSE",""
"PMC5249052","TRUE","TRUE","FALSE","TRUE","FALSE","TRUE","FALSE",,"TRUE","CC-BY-4.0","FALSE",""
"PMC5249193","TRUE","TRUE","FALSE","FALSE","FALSE","TRUE","FALSE",,"TRUE","CC-BY-4.0","FALSE",""
"PMC5251213","TRUE","TRUE","FALSE","FALSE","FALSE","FALSE","FALSE",,"TRUE","CC-BY-4.0","FALSE",""
"PMC5253567","TRUE","TRUE","FALSE","FALSE","FALSE","FALSE","FALSE",,"TRUE","CC-BY-NC-4.0","FALSE",""
"PMC5260092","TRUE","TRUE","TRUE","FALSE","TRUE","FALSE","FALSE",,"TRUE","CC-BY-4.0","FALSE",""
"PMC5264487","TRUE","TRUE","FALSE","TRUE","FALSE","FALSE","FALSE",,"TRUE","CC-BY-4.0","FALSE",""
"PMC5282659","TRUE","TRUE","FALSE","TRUE","FALSE","TRUE","FALSE",,"TRUE","CC-BY-4.0","FALSE",""
"PMC5289607","TRUE","TRUE","FALSE","TRUE","FALSE","TRUE","FALSE",,"TRUE","CC-BY-4.0","TRUE","STROBE"
"PMC5290636","TRUE","TRUE","FALSE","TRUE","FALSE","TRUE","TRUE",,"TRUE","CC-BY-4.0","FALSE",""
"PMC5292096","FALSE","TRUE","FALSE","FALSE","FALSE","TRUE","TRUE",,"FALSE","","FALSE",""
"PMC5293659","TRUE","TRUE","FALSE","FALSE","FALSE","FALSE","FALSE",,"FALSE","","FALSE",""
"PMC5295048","TRUE","TRUE","FALSE","FALSE","FALSE","FALSE","FALSE",,"TRUE","CC-BY-4.0","FALSE",""
"PMC5295700","TRUE","FALSE","FALSE","TRUE","FALSE","TRUE","FALSE",,"TRUE","CC-BY-4.0","TRUE","PRISMA"
"PMC5299543","FALSE","TRUE","FALSE","FALSE","FALSE","FALSE","FALSE",,"TRUE","CC-BY-4.0","FALSE",""
"PMC5300029","TRUE","FALSE","FALSE","TRUE","FALSE","FALSE","FALSE",,"TRUE","CC-BY-NC-ND-4.0","FALSE",""
"PMC5302028","TRUE","FALSE","FALSE","FALSE","FALSE","FALSE","FALSE",,"TRUE","CC-BY-NC-4.0","FALSE",""
"PMC5319401","TRUE","TRUE","FALSE","FALSE","FALSE","FALSE","FALSE",,"FALSE","","FALSE",""
"PMC5323161","TRUE","FALSE","FALSE","FALSE","FALSE","FALSE","FALSE",,"TRUE","CC-BY-2.5","FALSE",""
"PMC5323279","TRUE","TRUE","FALSE","TRUE","FALSE","FALSE","FALSE",,"FALSE","","FALSE",""
"PMC5326031","TRUE","FALSE","FALSE","FALSE","FALSE","FALSE","FALSE",,"TRUE","CC-BY-2.0","FALSE",""
"PMC5327645","TRUE","TRUE","FALSE","FALSE","FALSE","FALSE","FALSE",,"TRUE","CC-BY-NC-4.0","FALSE",""
"PMC5335913","FALSE","TRUE","FALSE","FALSE","FALSE","TRUE","FALSE",,"FALSE","","FALSE",""
"PMC5336988","FALSE","FALSE","FALSE","FALSE","FALSE","FALSE","FALSE",,"TRUE","CC-BY-NC-SA-4.0","FALSE",""
"PMC5337792","TRUE","TRUE","FALSE","FALSE","FALSE","FALSE","TRUE",,"TRUE","CC-BY-4.0","FALSE",""
"PMC5340968","FALSE","TRUE","FALSE","FALSE","FALSE","TRUE","TRUE",,"TRUE","CC-BY-NC-4.0","FALSE",""
"PMC5341692","FALSE","TRUE","FALSE","TRUE","FALSE","TRUE","TRUE",,"FALSE","","FALSE",""
"PMC5341840","TRUE","TRUE","FALSE","TRUE","FALSE","FALSE","FALSE",,"TRUE","CC-BY-3.0","FALSE",""
"PMC5343915","TRUE","FALSE","FALSE","TRUE","FALSE","FALSE","FALSE",,"TRUE","CC-BY-4.0","FALSE",""
"PMC5348146","TRUE","TRUE","TRUE","FALSE","FALSE","FALSE","FALSE",,"TRUE","CC-BY-4.0","FALSE",""
"PMC5348454","TRUE","FALSE","FALSE","FALSE","FALSE","FALSE","FALSE",,"TRUE","CC-BY-NC-ND-4.0","FALSE",""
"PMC5348763","TRUE","TRUE","FALSE","FALSE","FALSE","TRUE","FALSE",,"TRUE","CC-BY-4.0","FALSE",""
"PMC5349431","FALSE","TRUE","FALSE","TRUE","FALSE","FALSE","FALSE",,"TRUE","CC-BY-2.0","FALSE",""
"PMC5352051","TRUE","TRUE","FALSE","TRUE","FALSE","FALSE","FALSE",,"TRUE","CC-BY-3.0","FALSE",""
"PMC5354911","TRUE","TRUE","FALSE","FALSE","FALSE","FALSE","FALSE",,"TRUE","CC-BY-3.0","FALSE",""
"PMC5355277","TRUE","TRUE","FALSE","FALSE","FALSE","FALSE","FALSE",,"TRUE","CC-BY-3.0","FALSE",""
"PMC5356563","TRUE","TRUE","FALSE","FALSE","FALSE","FALSE","FALSE",,"TRUE","CC-BY-3.0","FALSE",""
"PMC5356588","TRUE","TRUE","FALSE","FALSE","FALSE","TRUE","FALSE",,"TRUE","CC-BY-3.0","FALSE",""
"PMC5356811","TRUE","TRUE","TRUE","FALSE","FALSE","FALSE","FALSE",,"TRUE","CC-BY-3.0","FALSE",""
"PMC5357505","FALSE","TRUE","FALSE","TRUE","FALSE","FALSE","FALSE",,"TRUE","CC-BY-4.0","FALSE",""
"PMC5359180","FALSE","FALSE","FALSE","FALSE","FALSE","FALSE","FALSE",,"TRUE","CC-BY-4.0","FALSE",""
"PMC5359898","TRUE","FALSE","TRUE","FALSE","FALSE","FALSE","FALSE",,"TRUE","CC-BY-4.0","FALSE",""
"PMC5360336","TRUE","TRUE","FALSE","FALSE","FALSE","TRUE","TRUE",,"TRUE","CC-BY-4.0","FALSE",""
"PMC5360651","TRUE","FALSE","FALSE","TRUE","FALSE","FALSE","FALSE",,"TRUE","CC-BY-NC-4.0","FALSE",""
"PMC5363888","TRUE","TRUE","FALSE","TRUE","FALSE","TRUE","FALSE",,"TRUE","CC-BY","FALSE",""
"PMC5364951","FALSE","FALSE","FALSE","FALSE","FALSE","FALSE","TRUE",,"FALSE","","FALSE",""
"PMC5365005","FALSE","TRUE","FALSE","TRUE","FALSE","FALSE","FALSE",,"TRUE","CC-BY-NC-ND-4.0","FALSE",""
"PMC5366111","TRUE","TRUE","FALSE","TRUE","FALSE","TRUE","FALSE",,"TRUE","CC-BY-4.0","FALSE",""
"PMC5367348","FALSE","TRUE","FALSE","FALSE","FALSE","FALSE","FALSE",,"TRUE","CC-BY-NC-ND-4.0","FALSE",""
"PMC5367407","FALSE","TRUE","FALSE","FALSE","FALSE","FALSE","FALSE",,"TRUE","CC-BY-4.0","FALSE",""
"PMC5368085","TRUE","TRUE","FALSE","TRUE","FALSE","FALSE","FALSE",,"TRUE","CC-BY-NC-3.0","FALSE",""
"PMC5369320","TRUE","TRUE","FALSE","FALSE","FALSE","TRUE","FALSE",,"TRUE","CC-BY-4.0","FALSE",""
"PMC5370211","TRUE","FALSE","FALSE","TRUE","FALSE","FALSE","FALSE",,"TRUE","CC-BY-4.0","FALSE",""
"PMC5370789","TRUE","TRUE","FALSE","TRUE","FALSE","FALSE","TRUE",,"TRUE","CC-BY-4.0","FALSE",""
"PMC5371379","TRUE","TRUE","FALSE","FALSE","FALSE","TRUE","TRUE",,"TRUE","CC-BY-4.0","FALSE",""
"PMC5373685","TRUE","FALSE","FALSE","TRUE","FALSE","FALSE","FALSE",,"TRUE","CC-BY-NC-ND-4.0","FALSE",""
"PMC5373901","FALSE","TRUE","FALSE","FALSE","FALSE","FALSE","FALSE",,"FALSE","","TRUE","CONSORT"
"PMC5374140","TRUE","FALSE","FALSE","FALSE","FALSE","FALSE","FALSE",,"TRUE","CC-BY-NC-4.0","FALSE",""
"PMC5375792","TRUE","TRUE","FALSE","TRUE","FALSE","FALSE","FALSE",,"TRUE","CC-BY-4.0","FALSE",""
"PMC5378107","FALSE","FALSE","FALSE","FALSE","FALSE","FALSE","FALSE",,"FALSE","","FALSE",""
"PMC5378304","TRUE","TRUE","TRUE","FALSE","FALSE","FALSE","FALSE",,"TRUE","CC-BY-NC-ND-4.0","FALSE",""
"PMC5381556","FALSE","TRUE","FALSE","FALSE","FALSE","FALSE","FALSE",,"TRUE","CC-BY-NC-4.0","FALSE",""
"PMC5384756","TRUE","TRUE","FALSE","TRUE","TRUE","FALSE","FALSE",,"TRUE","CC-BY-4.0","FALSE",""
"PMC5386327","TRUE","TRUE","TRUE","FALSE","FALSE","TRUE","FALSE",,"TRUE","CC-BY-4.0","FALSE",""
"PMC5386461","TRUE","TRUE","FALSE","TRUE","FALSE","FALSE","FALSE",,"TRUE","CC-BY-4.0","FALSE",""
"PMC5386794","TRUE","TRUE","TRUE","FALSE","FALSE","FALSE","FALSE",,"FALSE","","FALSE",""
"PMC5387946","TRUE","TRUE","FALSE","TRUE","FALSE","TRUE","FALSE",,"TRUE","CC-BY-NC-4.0","FALSE",""
"PMC5388182","TRUE","TRUE","FALSE","FALSE","FALSE","FALSE","TRUE",,"FALSE","","FALSE",""
"PMC5392605","FALSE","FALSE","FALSE","FALSE","FALSE","FALSE","FALSE",,"FALSE","","FALSE",""
"PMC5396973","TRUE","TRUE","FALSE","FALSE","FALSE","TRUE","FALSE",,"TRUE","CC-BY-4.0","FALSE",""
"PMC5397066","TRUE","TRUE","FALSE","FALSE","FALSE","TRUE","TRUE",,"TRUE","CC-BY-4.0","FALSE",""
"PMC5404925","TRUE","TRUE","FALSE","FALSE","FALSE","TRUE","TRUE",,"TRUE","CC-BY-4.0","FALSE",""
"PMC5405196","TRUE","TRUE","FALSE","TRUE","FALSE","FALSE","FALSE",,"TRUE","CC-BY-NC-ND-4.0","FALSE",""
"PMC5405251","FALSE","FALSE","FALSE","FALSE","FALSE","FALSE","FALSE",,"FALSE","","FALSE",""
"PMC5408845","TRUE","TRUE","FALSE","FALSE","TRUE","TRUE","TRUE",,"TRUE","CC-BY-4.0","FALSE",""
"PMC5408889","FALSE","FALSE","FALSE","FALSE","FALSE","FALSE","TRUE",,"FALSE","","FALSE",""
"PMC5409033","TRUE","TRUE","FALSE","FALSE","TRUE","FALSE","FALSE",,"FALSE","","FALSE",""
"PMC5409050","TRUE","TRUE","TRUE","TRUE","TRUE","FALSE","FALSE",,"TRUE","CC-BY-NC-4.0","FALSE",""
"PMC5409793","TRUE","FALSE","FALSE","FALSE","FALSE","FALSE","FALSE",,"FALSE","","FALSE",""
"PMC5411109","TRUE","TRUE","FALSE","FALSE","TRUE","TRUE","FALSE",,"TRUE","CC-BY","FALSE",""
"PMC5414299","TRUE","TRUE","FALSE","FALSE","FALSE","TRUE","FALSE",,"TRUE","CC-BY-4.0","FALSE",""
"PMC5427989","TRUE","TRUE","FALSE","FALSE","TRUE","FALSE","FALSE",,"TRUE","CC-BY-4.0","FALSE",""
"PMC5437586","TRUE","FALSE","FALSE","FALSE","FALSE","FALSE","FALSE",,"TRUE","CC-BY-4.0","FALSE",""
"PMC5440719","FALSE","TRUE","FALSE","FALSE","FALSE","FALSE","FALSE",,"FALSE","","FALSE",""
"PMC5440965","TRUE","FALSE","TRUE","FALSE","FALSE","FALSE","FALSE",,"TRUE","CC-BY-4.0","FALSE",""
"PMC5442220","TRUE","TRUE","FALSE","FALSE","FALSE","FALSE","FALSE",,"TRUE","CC-BY-4.0","FALSE",""
"PMC5442268","FALSE","TRUE","FALSE","TRUE","FALSE","FALSE","FALSE",,"TRUE","CC-BY-4.0","FALSE",""
"PMC5454510","TRUE","TRUE","TRUE","FALSE","FALSE","FALSE","FALSE",,"TRUE","CC-BY-4.0","FALSE",""
"PMC5455013","TRUE","TRUE","FALSE","FALSE","FALSE","FALSE","FALSE",,"TRUE","CC-BY-4.0","FALSE",""
"PMC5455702","TRUE","TRUE","TRUE","TRUE","FALSE","FALSE","FALSE",,"TRUE","CC-BY-4.0","FALSE",""
"PMC5458612","TRUE","TRUE","FALSE","FALSE","FALSE","FALSE","FALSE",,"FALSE","","FALSE",""
"PMC5459584","TRUE","FALSE","FALSE","TRUE","FALSE","FALSE","FALSE",,"TRUE","CC-BY-NC-ND-4.0","FALSE",""
"PMC5460584","TRUE","TRUE","FALSE","FALSE","FALSE","FALSE","FALSE",,"TRUE","CC-BY-4.0","FALSE",""
"PMC5467878","TRUE","FALSE","FALSE","TRUE","FALSE","TRUE","FALSE",,"TRUE","CC-BY-4.0","FALSE",""
"PMC5471486","FALSE","FALSE","FALSE","FALSE","FALSE","FALSE","FALSE",,"TRUE","CC-CC-BY-4.0","FALSE",""
"PMC5472285","TRUE","FALSE","FALSE","TRUE","FALSE","TRUE","FALSE",,"TRUE","CC-BY-4.0","FALSE",""
"PMC5474373","FALSE","FALSE","FALSE","FALSE","FALSE","FALSE","FALSE",,"TRUE","CC-BY-NC-4.0","FALSE",""
"PMC5480810","TRUE","FALSE","FALSE","FALSE","FALSE","TRUE","TRUE",,"TRUE","CC-BY-4.0","FALSE",""
"PMC5481633","FALSE","FALSE","FALSE","FALSE","FALSE","FALSE","FALSE",,"TRUE","CC-BY-NC-ND-4.0","FALSE",""
"PMC5484093","TRUE","FALSE","FALSE","FALSE","FALSE","FALSE","FALSE",,"TRUE","CC-BY-NC-4.0","FALSE",""
"PMC5484118","TRUE","TRUE","FALSE","FALSE","FALSE","FALSE","FALSE",,"TRUE","CC-BY-4.0","FALSE",""
"PMC5485718","TRUE","TRUE","FALSE","TRUE","TRUE","FALSE","FALSE",,"TRUE","CC-BY-NC-ND-4.0","FALSE",""
"PMC5487251","FALSE","TRUE","FALSE","FALSE","FALSE","TRUE","FALSE",,"FALSE","","FALSE",""
"PMC5488706","TRUE","TRUE","FALSE","FALSE","FALSE","FALSE","FALSE",,"FALSE","","FALSE",""
"PMC5492652","FALSE","FALSE","FALSE","FALSE","FALSE","FALSE","FALSE",,"TRUE","CC-BY-NC-4.0","FALSE",""
"PMC5493301","TRUE","FALSE","FALSE","FALSE","FALSE","TRUE","FALSE",,"TRUE","CC-BY-4.0","FALSE",""
"PMC5497044","TRUE","FALSE","FALSE","FALSE","FALSE","FALSE","FALSE",,"TRUE","CC-BY-NC-4.0","FALSE",""
"PMC5497220","TRUE","TRUE","FALSE","FALSE","FALSE","TRUE","FALSE",,"FALSE","","FALSE",""
"PMC5498719","FALSE","TRUE","FALSE","FALSE","FALSE","FALSE","FALSE",,"TRUE","CC-BY-4.0","FALSE",""
"PMC5499572","TRUE","TRUE","FALSE","FALSE","FALSE","FALSE","FALSE",,"TRUE","CC-BY-NC-4.0","FALSE",""
"PMC5501568","TRUE","FALSE","FALSE","FALSE","FALSE","TRUE","FALSE",,"TRUE","CC0-1.0","FALSE",""
"PMC5504519","FALSE","TRUE","FALSE","TRUE","FALSE","FALSE","FALSE",,"FALSE","","FALSE",""
"PMC5511341","FALSE","FALSE","FALSE","TRUE","FALSE","FALSE","FALSE",,"TRUE","CC-BY-4.0","FALSE",""
"PMC5520927","TRUE","TRUE","FALSE","TRUE","FALSE","FALSE","FALSE",,"TRUE","CC-BY-4.0","FALSE",""
"PMC5522275","TRUE","TRUE","FALSE","FALSE","FALSE","FALSE","FALSE",,"TRUE","CC-BY-3.0","FALSE",""
"PMC5524096","TRUE","FALSE","TRUE","FALSE","FALSE","FALSE","FALSE",,"TRUE","CC-BY-NC-4.0","TRUE","MOOSE"
"PMC5525249","TRUE","TRUE","FALSE","FALSE","FALSE","FALSE","FALSE",,"TRUE","CC-BY-4.0","FALSE",""
"PMC5526215","TRUE","TRUE","FALSE","FALSE","FALSE","FALSE","FALSE",,"FALSE","","FALSE",""
"PMC5528923","FALSE","FALSE","FALSE","FALSE","FALSE","FALSE","FALSE",,"FALSE","","FALSE",""
"PMC5529312","FALSE","FALSE","FALSE","FALSE","FALSE","FALSE","FALSE",,"FALSE","","FALSE",""
"PMC5535914","TRUE","TRUE","FALSE","FALSE","FALSE","FALSE","FALSE",,"TRUE","CC-BY-4.0","FALSE",""
"PMC5536806","FALSE","FALSE","FALSE","FALSE","FALSE","FALSE","FALSE",,"FALSE","","FALSE",""
"PMC5540073","FALSE","TRUE","FALSE","FALSE","FALSE","FALSE","FALSE",,"TRUE","CC-BY-NC-ND-4.0","FALSE",""
"PMC5540570","TRUE","TRUE","FALSE","FALSE","FALSE","TRUE","FALSE",,"TRUE","CC-BY-4.0","FALSE",""
"PMC5541210","FALSE","TRUE","FALSE","FALSE","FALSE","FALSE","FALSE",,"FALSE","","FALSE",""
"PMC5541590","TRUE","TRUE","TRUE","FALSE","FALSE","TRUE","FALSE",,"TRUE","CC-BY-NC-4.0","TRUE","RAMESES"
"PMC5542286","TRUE","FALSE","FALSE","FALSE","FALSE","FALSE","FALSE",,"TRUE","CC-BY-3.0","FALSE",""
"PMC5548671","TRUE","FALSE","FALSE","FALSE","FALSE","FALSE","FALSE",,"TRUE","CC-BY-NC-ND-4.0","FALSE",""
"PMC5549718","TRUE","TRUE","FALSE","TRUE","FALSE","FALSE","FALSE",,"TRUE","CC-BY-NC-ND-4.0","FALSE",""
"PMC5552447","TRUE","TRUE","FALSE","FALSE","FALSE","FALSE","TRUE",,"FALSE","","FALSE",""
"PMC5555377","TRUE","TRUE","FALSE","FALSE","FALSE","TRUE","FALSE",,"FALSE","","FALSE",""
"PMC5556090","TRUE","TRUE","FALSE","FALSE","FALSE","TRUE","FALSE",,"TRUE","CC-BY-4.0","FALSE",""
"PMC5556377","FALSE","TRUE","FALSE","FALSE","FALSE","TRUE","TRUE",,"FALSE","","FALSE",""
"PMC5557323","TRUE","FALSE","FALSE","TRUE","FALSE","FALSE","FALSE",,"TRUE","CC-BY-4.0","FALSE",""
"PMC5561317","TRUE","TRUE","TRUE","FALSE","FALSE","TRUE","FALSE",,"TRUE","CC-BY-4.0","TRUE","CONSORT"
"PMC5563001","TRUE","TRUE","FALSE","FALSE","FALSE","TRUE","FALSE",,"TRUE","CC-BY-4.0","FALSE",""
"PMC5568342","TRUE","FALSE","TRUE","TRUE","FALSE","FALSE","FALSE",,"TRUE","CC-BY-4.0","TRUE","SPIRIT"
"PMC5568356","TRUE","TRUE","TRUE","TRUE","FALSE","FALSE","FALSE",,"TRUE","CC-BY-4.0","TRUE","SPIRIT"
"PMC5571880","TRUE","FALSE","FALSE","TRUE","FALSE","FALSE","FALSE",,"TRUE","CC-BY-NC-ND-4.0","FALSE",""
"PMC5572715","TRUE","TRUE","FALSE","TRUE","FALSE","TRUE","TRUE",,"TRUE","CC-BY-NC-4.0","FALSE",""
"PMC5574700","TRUE","TRUE","FALSE","TRUE","FALSE","FALSE","FALSE",,"TRUE","CC-BY-NC-3.0","FALSE",""
"PMC5576583","FALSE","FALSE","FALSE","FALSE","FALSE","FALSE","FALSE",,"FALSE","","FALSE",""
"PMC5577741","TRUE","TRUE","FALSE","FALSE","FALSE","FALSE","FALSE",,"TRUE","CC-BY-4.0","FALSE",""
"PMC5579934","TRUE","FALSE","FALSE","TRUE","FALSE","TRUE","FALSE",,"TRUE","CC-BY-4.0","FALSE",""
"PMC5584532","TRUE","TRUE","FALSE","TRUE","FALSE","TRUE","FALSE",,"TRUE","CC-BY-4.0","FALSE",""
"PMC5584965","TRUE","TRUE","FALSE","TRUE","FALSE","TRUE","TRUE",,"TRUE","CC0-1.0","FALSE",""
"PMC5587733","TRUE","TRUE","FALSE","FALSE","FALSE","TRUE","TRUE",,"TRUE","CC-BY-4.0","FALSE",""
"PMC5588424","FALSE","TRUE","FALSE","FALSE","FALSE","FALSE","FALSE",,"TRUE","CC-BY-NC-3.0","FALSE",""
"PMC5591363","TRUE","TRUE","TRUE","FALSE","FALSE","FALSE","FALSE",,"TRUE","CC-BY-4.0","TRUE","CONSORT"
"PMC5595436","TRUE","TRUE","FALSE","FALSE","FALSE","TRUE","TRUE",,"TRUE","CC-BY-4.0","FALSE",""
"PMC5599456","TRUE","TRUE","TRUE","TRUE","FALSE","FALSE","FALSE",,"TRUE","CC-BY-NC-4.0","FALSE",""
"PMC5610507","FALSE","TRUE","FALSE","FALSE","FALSE","FALSE","FALSE",,"FALSE","","FALSE",""
"PMC5615553","TRUE","TRUE","FALSE","FALSE","FALSE","FALSE","FALSE",,"TRUE","CC-BY-4.0","FALSE",""
"PMC5620742","TRUE","FALSE","FALSE","FALSE","FALSE","FALSE","FALSE",,"TRUE","CC-BY-4.0","FALSE",""
"PMC5623539","TRUE","TRUE","TRUE","TRUE","FALSE","FALSE","FALSE",,"TRUE","CC-BY-NC-4.0","FALSE",""
"PMC5624821","FALSE","TRUE","FALSE","FALSE","FALSE","TRUE","FALSE",,"TRUE","CC-BY-4.0","FALSE",""
"PMC5624839","TRUE","TRUE","TRUE","FALSE","FALSE","FALSE","FALSE",,"FALSE","","FALSE",""
"PMC5625758","TRUE","FALSE","TRUE","FALSE","FALSE","FALSE","FALSE",,"TRUE","CC-BY-4.0","FALSE",""
"PMC5628492","TRUE","TRUE","TRUE","FALSE","FALSE","FALSE","FALSE",,"TRUE","CC-BY-4.0","FALSE",""
"PMC5629339","FALSE","FALSE","FALSE","FALSE","FALSE","FALSE","FALSE",,"FALSE","","FALSE",""
"PMC5630125","TRUE","FALSE","FALSE","FALSE","FALSE","TRUE","FALSE",,"TRUE","CC-BY-4.0","TRUE","ARRIVE"
"PMC5630211","TRUE","FALSE","TRUE","FALSE","FALSE","FALSE","FALSE",,"TRUE","CC-BY-4.0","FALSE",""
"PMC5632968","TRUE","FALSE","FALSE","FALSE","FALSE","FALSE","FALSE",,"TRUE","CC-BY-4.0","FALSE",""
"PMC5635310","TRUE","FALSE","FALSE","TRUE","FALSE","FALSE","FALSE",,"TRUE","CC-BY-NC-ND-4.0","FALSE",""
"PMC5636622","TRUE","TRUE","TRUE","FALSE","FALSE","FALSE","FALSE",,"FALSE","","TRUE","CONSORT"
"PMC5636971","TRUE","TRUE","FALSE","TRUE","FALSE","FALSE","FALSE",,"TRUE","CC-BY-4.0","FALSE",""
"PMC5639470","FALSE","TRUE","FALSE","FALSE","FALSE","TRUE","FALSE",,"TRUE","CC-BY-4.0","FALSE",""
"PMC5642654","TRUE","TRUE","TRUE","FALSE","FALSE","FALSE","FALSE",,"TRUE","CC-BY-NC-4.0","TRUE","SPIRIT"
"PMC5644887","TRUE","TRUE","FALSE","TRUE","FALSE","FALSE","FALSE",,"TRUE","CC-BY-NC-3.0","FALSE",""
"PMC5645080","FALSE","TRUE","FALSE","FALSE","FALSE","FALSE","FALSE",,"TRUE","CC-BY-4.0","FALSE",""
"PMC5645718","TRUE","FALSE","FALSE","FALSE","TRUE","FALSE","FALSE",,"TRUE","CC-BY-4.0","FALSE",""
"PMC5650042","TRUE","FALSE","FALSE","TRUE","FALSE","FALSE","FALSE",,"TRUE","CC-BY-NC-4.0","FALSE",""
"PMC5652249","TRUE","TRUE","FALSE","FALSE","FALSE","FALSE","FALSE",,"TRUE","CC-BY-NC-ND-4.0","FALSE",""
"PMC5652426","FALSE","TRUE","FALSE","FALSE","FALSE","FALSE","FALSE",,"TRUE","CC-BY-4.0","FALSE",""
"PMC5657668","TRUE","FALSE","FALSE","FALSE","FALSE","FALSE","FALSE",,"TRUE","CC-BY-3.0","FALSE",""
"PMC5658159","TRUE","TRUE","FALSE","FALSE","FALSE","FALSE","FALSE",,"TRUE","CC-BY-4.0","FALSE",""
"PMC5659140","FALSE","TRUE","FALSE","FALSE","FALSE","FALSE","FALSE",,"TRUE","CC-BY-NC-ND-4.0","FALSE",""
"PMC5664666","TRUE","TRUE","FALSE","FALSE","FALSE","FALSE","FALSE",,"TRUE","CC-BY-4.0","FALSE",""
"PMC5664695","TRUE","TRUE","FALSE","FALSE","FALSE","FALSE","FALSE",,"TRUE","CC-BY-4.0","FALSE",""
"PMC5668351","TRUE","FALSE","FALSE","FALSE","FALSE","FALSE","FALSE",,"TRUE","CC-BY-4.0","TRUE","STROBE"
"PMC5678864","TRUE","TRUE","FALSE","FALSE","FALSE","TRUE","FALSE",,"TRUE","CC-BY-4.0","FALSE",""
"PMC5679606","TRUE","TRUE","FALSE","FALSE","FALSE","TRUE","TRUE",,"TRUE","CC0-1.0","FALSE",""
"PMC5682781","TRUE","FALSE","FALSE","TRUE","FALSE","FALSE","FALSE",,"TRUE","CC-BY-NC-ND-4.0","FALSE",""
"PMC5684233","TRUE","TRUE","FALSE","FALSE","FALSE","TRUE","TRUE",,"TRUE","CC-BY-4.0","FALSE",""
"PMC5684277","TRUE","TRUE","FALSE","FALSE","FALSE","FALSE","FALSE",,"TRUE","CC-BY-NC-4.0","FALSE",""
"PMC5684335","TRUE","TRUE","FALSE","FALSE","FALSE","FALSE","FALSE",,"TRUE","CC-BY-4.0","FALSE",""
"PMC5685571","TRUE","TRUE","FALSE","FALSE","TRUE","TRUE","FALSE",,"TRUE","CC-BY-4.0","FALSE",""
"PMC5690006","FALSE","FALSE","FALSE","FALSE","FALSE","FALSE","FALSE",,"TRUE","CC-BY-3.0","FALSE",""
"PMC5691720","TRUE","TRUE","TRUE","TRUE","FALSE","FALSE","FALSE",,"TRUE","CC-BY-4.0","TRUE","CONSORT"
"PMC5691757","TRUE","FALSE","TRUE","FALSE","FALSE","FALSE","FALSE",,"TRUE","CC-BY-4.0","TRUE","PRISMA"
"PMC5694020","TRUE","TRUE","FALSE","FALSE","FALSE","FALSE","FALSE",,"FALSE","","FALSE",""
"PMC5694192","TRUE","TRUE","TRUE","TRUE","TRUE","FALSE","FALSE",,"TRUE","CC-BY-NC-ND-4.0","FALSE",""
"PMC5695745","TRUE","TRUE","FALSE","TRUE","FALSE","TRUE","FALSE",,"TRUE","CC-BY-NC-4.0","FALSE",""
"PMC5699081","TRUE","TRUE","FALSE","FALSE","FALSE","FALSE","FALSE",,"TRUE","CC-BY-NC-ND-4.0","FALSE",""
"PMC5709096","TRUE","FALSE","FALSE","FALSE","FALSE","FALSE","FALSE",,"TRUE","CC-BY-NC-4.0","FALSE",""
"PMC5709573","FALSE","TRUE","FALSE","FALSE","TRUE","FALSE","FALSE",,"TRUE","CC-BY-NC-ND-4.0","FALSE",""
"PMC5712239","TRUE","TRUE","FALSE","FALSE","FALSE","FALSE","FALSE",,"FALSE","","FALSE",""
"PMC5713368","TRUE","TRUE","FALSE","FALSE","FALSE","FALSE","TRUE",,"TRUE","CC-BY-4.0","FALSE",""
"PMC5716451","FALSE","TRUE","FALSE","FALSE","FALSE","FALSE","FALSE",,"TRUE","CC-BY-NC-ND-4.0","FALSE",""
"PMC5719488","TRUE","TRUE","FALSE","FALSE","FALSE","FALSE","TRUE",,"FALSE","","FALSE",""
"PMC5719674","TRUE","FALSE","FALSE","FALSE","FALSE","FALSE","FALSE",,"TRUE","CC-BY-4.0","FALSE",""
"PMC5720237","TRUE","TRUE","TRUE","TRUE","FALSE","FALSE","FALSE",,"TRUE","CC-BY-NC-3.0","FALSE",""
"PMC5726713","TRUE","TRUE","FALSE","FALSE","FALSE","TRUE","TRUE",,"TRUE","CC-BY-4.0","FALSE",""
"PMC5726734","TRUE","FALSE","FALSE","FALSE","FALSE","TRUE","FALSE",,"TRUE","CC-BY-4.0","FALSE",""
"PMC5729253","TRUE","TRUE","TRUE","FALSE","FALSE","FALSE","TRUE",,"TRUE","CC-BY-4.0","TRUE","PRISMA"
"PMC5731211","TRUE","TRUE","FALSE","TRUE","TRUE","TRUE","FALSE",,"TRUE","CC-BY-4.0","FALSE",""
"PMC5732507","TRUE","TRUE","TRUE","FALSE","FALSE","FALSE","FALSE",,"TRUE","CC-BY-4.0","FALSE",""
"PMC5733850","FALSE","FALSE","FALSE","FALSE","FALSE","FALSE","FALSE",,"TRUE","CC-BY-NC-3.0","FALSE",""
"PMC5734259","TRUE","FALSE","TRUE","TRUE","FALSE","FALSE","FALSE",,"TRUE","CC-BY-NC-4.0","TRUE","PRISMA"
"PMC5734749","TRUE","TRUE","FALSE","FALSE","FALSE","TRUE","FALSE",,"TRUE","CC-BY-4.0","FALSE",""
"PMC5735515","TRUE","FALSE","FALSE","FALSE","FALSE","FALSE","FALSE",,"TRUE","CC-BY-4.0","FALSE",""
"PMC5735600","TRUE","TRUE","TRUE","FALSE","FALSE","FALSE","FALSE",,"TRUE","CC-BY-4.0","FALSE",""
"PMC5737086","TRUE","TRUE","FALSE","TRUE","FALSE","TRUE","FALSE",,"TRUE","CC-BY-NC-4.0","FALSE",""
"PMC5737329","TRUE","FALSE","FALSE","FALSE","FALSE","FALSE","FALSE",,"TRUE","CC-BY-NC-4.0","FALSE",""
"PMC5743513","TRUE","FALSE","FALSE","FALSE","FALSE","FALSE","FALSE",,"TRUE","CC-BY-NC-4.0","FALSE",""
"PMC5744223","FALSE","TRUE","FALSE","FALSE","FALSE","FALSE","FALSE",,"FALSE","","FALSE",""
"PMC5744936","TRUE","FALSE","FALSE","FALSE","FALSE","TRUE","FALSE",,"TRUE","CC-BY-4.0","FALSE",""
"PMC5748860","TRUE","TRUE","FALSE","FALSE","FALSE","FALSE","TRUE",,"TRUE","CC-BY-NC-SA-4.0","FALSE",""
"PMC5753830","TRUE","TRUE","TRUE","FALSE","FALSE","FALSE","FALSE",,"TRUE","CC-BY-NC-ND-4.0","FALSE",""
"PMC5768944","TRUE","TRUE","FALSE","TRUE","FALSE","FALSE","FALSE",,"TRUE","CC-BY-NC-4.0","FALSE",""
"PMC5773889","TRUE","TRUE","FALSE","TRUE","TRUE","TRUE","TRUE",,"TRUE","CC-BY-4.0","FALSE",""
"PMC5779958","FALSE","FALSE","FALSE","TRUE","FALSE","FALSE","FALSE",,"TRUE","CC-BY-NC-ND-4.0","FALSE",""
"PMC5779996","FALSE","FALSE","FALSE","FALSE","FALSE","FALSE","FALSE",,"TRUE","CC-BY-NC-ND-4.0","FALSE",""
"PMC5783531","FALSE","FALSE","FALSE","FALSE","FALSE","FALSE","FALSE",,"TRUE","CC-BY-NC-ND-4.0","FALSE",""
"PMC5784921","TRUE","TRUE","FALSE","TRUE","FALSE","TRUE","TRUE",,"TRUE","CC-BY-4.0","FALSE",""
"PMC5785217","FALSE","FALSE","FALSE","FALSE","FALSE","FALSE","FALSE",,"FALSE","","FALSE",""
"PMC5786316","TRUE","TRUE","TRUE","FALSE","FALSE","FALSE","FALSE",,"TRUE","CC-BY-4.0","FALSE",""
"PMC5791872","TRUE","TRUE","FALSE","FALSE","FALSE","FALSE","FALSE",,"TRUE","CC-BY-3.0","FALSE",""
"PMC5793977","TRUE","TRUE","TRUE","FALSE","FALSE","FALSE","FALSE",,"TRUE","CC-BY-NC-4.0","FALSE",""
"PMC5796499","TRUE","TRUE","TRUE","FALSE","FALSE","FALSE","FALSE",,"TRUE","CC-BY-4.0","FALSE",""
"PMC5797951","TRUE","TRUE","FALSE","FALSE","TRUE","TRUE","FALSE",,"TRUE","CC-BY-4.0","FALSE",""
"PMC5811698","TRUE","FALSE","FALSE","FALSE","FALSE","FALSE","FALSE",,"FALSE","","FALSE",""
"PMC5812972","TRUE","TRUE","FALSE","TRUE","FALSE","FALSE","FALSE",,"TRUE","CC-BY-4.0","FALSE",""
"PMC5814024","TRUE","TRUE","FALSE","FALSE","FALSE","TRUE","TRUE",,"TRUE","CC-BY-4.0","FALSE",""
"PMC5814443","TRUE","TRUE","FALSE","FALSE","FALSE","FALSE","TRUE",,"TRUE","CC-BY-4.0","FALSE",""
"PMC5818644","TRUE","TRUE","TRUE","TRUE","FALSE","TRUE","FALSE",,"TRUE","CC-BY-4.0","FALSE",""
"PMC5819667","TRUE","TRUE","FALSE","TRUE","FALSE","TRUE","FALSE",,"TRUE","CC-BY-4.0","FALSE",""
"PMC5820390","TRUE","FALSE","FALSE","FALSE","FALSE","FALSE","FALSE",,"TRUE","CC-BY-4.0","FALSE",""
"PMC5824021","FALSE","FALSE","FALSE","FALSE","FALSE","FALSE","FALSE",,"TRUE","CC-BY-NC-SA-3.0","FALSE",""
"PMC5825058","TRUE","TRUE","TRUE","TRUE","FALSE","TRUE","FALSE",,"TRUE","CC-BY-4.0","TRUE","PRISMA"
"PMC5825064","TRUE","TRUE","FALSE","FALSE","FALSE","TRUE","FALSE",,"TRUE","CC-BY-4.0","FALSE",""
"PMC5825268","TRUE","TRUE","FALSE","FALSE","FALSE","TRUE","TRUE",,"FALSE","","FALSE",""
"PMC5833273","TRUE","TRUE","FALSE","FALSE","FALSE","TRUE","TRUE",,"TRUE","CC-BY-4.0","FALSE",""
"PMC5838966","TRUE","TRUE","FALSE","FALSE","FALSE","FALSE","TRUE",,"TRUE","CC-BY-4.0","FALSE",""
"PMC5840729","TRUE","TRUE","TRUE","TRUE","FALSE","FALSE","FALSE",,"TRUE","CC-BY-4.0","TRUE","COREQ"
"PMC5841238","TRUE","TRUE","FALSE","TRUE","FALSE","TRUE","FALSE",,"TRUE","CC-BY-4.0","FALSE",""
"PMC5841858","TRUE","TRUE","FALSE","FALSE","FALSE","FALSE","FALSE",,"TRUE","CC-BY-NC-ND-4.0","FALSE",""
"PMC5844232","TRUE","TRUE","FALSE","TRUE","TRUE","FALSE","FALSE",,"FALSE","","FALSE",""
"PMC5845679","TRUE","TRUE","FALSE","FALSE","TRUE","FALSE","FALSE",,"TRUE","CC-BY-4.0","FALSE",""
"PMC5848442","TRUE","TRUE","FALSE","FALSE","FALSE","TRUE","FALSE",,"TRUE","CC-BY-4.0","FALSE",""
"PMC5848547","TRUE","TRUE","TRUE","FALSE","FALSE","FALSE","FALSE",,"TRUE","CC-BY-4.0","FALSE",""
"PMC5849337","TRUE","FALSE","TRUE","FALSE","TRUE","TRUE","TRUE",,"TRUE","CC-BY-4.0","TRUE","PRISMA"
"PMC5849636","TRUE","FALSE","FALSE","FALSE","FALSE","FALSE","FALSE",,"TRUE","CC-BY-4.0","FALSE",""
"PMC5850475","FALSE","TRUE","FALSE","TRUE","FALSE","TRUE","TRUE",,"TRUE","CC-BY-NC-4.0","FALSE",""
"PMC5857696","TRUE","TRUE","TRUE","FALSE","FALSE","FALSE","FALSE",,"TRUE","CC-BY-NC-4.0","TRUE","PRISMA"
"PMC5860363","FALSE","TRUE","FALSE","FALSE","FALSE","FALSE","TRUE",,"FALSE","","FALSE",""
"PMC5863692","TRUE","TRUE","FALSE","FALSE","FALSE","FALSE","FALSE",,"TRUE","CC-BY-4.0","FALSE",""
"PMC5865011","TRUE","TRUE","FALSE","TRUE","FALSE","FALSE","FALSE",,"TRUE","CC-BY-4.0","FALSE",""
"PMC5867593","TRUE","FALSE","FALSE","FALSE","FALSE","FALSE","FALSE",,"TRUE","CC-BY-4.0","FALSE",""
"PMC5869288","TRUE","TRUE","FALSE","FALSE","FALSE","TRUE","TRUE",,"TRUE","CC-BY-4.0","FALSE",""
"PMC5870543","FALSE","TRUE","FALSE","TRUE","FALSE","TRUE","TRUE",,"FALSE","","FALSE",""
"PMC5873432","TRUE","TRUE","FALSE","TRUE","TRUE","FALSE","FALSE",,"TRUE","CC-BY-4.0","FALSE",""
"PMC5873437","TRUE","TRUE","TRUE","FALSE","FALSE","FALSE","FALSE",,"TRUE","CC-BY-NC-4.0","FALSE",""
"PMC5873445","TRUE","TRUE","FALSE","FALSE","FALSE","FALSE","FALSE",,"TRUE","CC-BY-NC-4.0","FALSE",""
"PMC5873982","TRUE","TRUE","TRUE","TRUE","FALSE","FALSE","FALSE",,"TRUE","CC-BY-NC-ND-4.0","TRUE","CONSORT"
"PMC5874113","FALSE","FALSE","FALSE","FALSE","TRUE","FALSE","FALSE",,"TRUE","CC-BY-3.0","FALSE",""
"PMC5877686","TRUE","TRUE","FALSE","FALSE","FALSE","FALSE","FALSE",,"TRUE","CC-BY-4.0","FALSE",""
"PMC5877688","TRUE","TRUE","FALSE","FALSE","FALSE","FALSE","FALSE",,"TRUE","CC-BY-4.0","FALSE",""
"PMC5877834","TRUE","TRUE","TRUE","TRUE","FALSE","FALSE","FALSE",,"TRUE","CC-BY-4.0","TRUE","CONSORT"
"PMC5880567","TRUE","FALSE","FALSE","FALSE","FALSE","FALSE","FALSE",,"FALSE","","FALSE",""
"PMC5883949","FALSE","TRUE","FALSE","FALSE","FALSE","FALSE","TRUE",,"TRUE","CC-BY-4.0","FALSE",""
"PMC5885093","TRUE","FALSE","FALSE","FALSE","FALSE","FALSE","FALSE",,"TRUE","CC-BY-NC-SA-3.0","FALSE",""
"PMC5885799","FALSE","TRUE","FALSE","FALSE","FALSE","FALSE","TRUE",,"FALSE","","FALSE",""
"PMC5896585","FALSE","TRUE","FALSE","FALSE","FALSE","FALSE","FALSE",,"FALSE","","FALSE",""
"PMC5904243","TRUE","TRUE","TRUE","TRUE","FALSE","FALSE","FALSE",,"TRUE","CC-BY-4.0","FALSE",""
"PMC5904471","FALSE","TRUE","FALSE","FALSE","FALSE","FALSE","FALSE",,"TRUE","CC-BY-NC-4.0","FALSE",""
"PMC5914206","FALSE","FALSE","FALSE","FALSE","FALSE","FALSE","FALSE",,"TRUE","CC-BY-NC-SA-4.0","FALSE",""
"PMC5919754","FALSE","TRUE","FALSE","TRUE","FALSE","TRUE","TRUE",,"TRUE","CC-BY-4.0","FALSE",""
"PMC5922547","TRUE","FALSE","FALSE","FALSE","FALSE","TRUE","FALSE",,"TRUE","CC-BY-4.0","FALSE",""
"PMC5923410","TRUE","TRUE","FALSE","TRUE","FALSE","FALSE","FALSE",,"TRUE","CC-BY-4.0","FALSE",""
"PMC5924508","TRUE","TRUE","TRUE","FALSE","FALSE","FALSE","FALSE",,"TRUE","CC-BY-4.0","TRUE","TIDieR; COREQ"
"PMC5930664","TRUE","TRUE","FALSE","FALSE","FALSE","TRUE","TRUE",,"TRUE","CC-BY-4.0","FALSE",""
"PMC5931304","TRUE","FALSE","TRUE","TRUE","FALSE","FALSE","FALSE",,"TRUE","CC-BY-NC-4.0","TRUE","STROBE"
"PMC5935158","FALSE","TRUE","FALSE","FALSE","FALSE","FALSE","FALSE",,"TRUE","CC-BY-NC-4.0","FALSE",""
"PMC5944694","TRUE","TRUE","FALSE","TRUE","FALSE","FALSE","FALSE",,"TRUE","CC-BY-4.0","FALSE",""
"PMC5945248","TRUE","FALSE","FALSE","FALSE","FALSE","FALSE","FALSE",,"TRUE","CC-BY-2.5","FALSE",""
"PMC5946861","FALSE","TRUE","FALSE","FALSE","FALSE","TRUE","TRUE",,"TRUE","CC-BY-4.0","FALSE",""
"PMC5947126","FALSE","TRUE","TRUE","TRUE","FALSE","FALSE","FALSE",,"TRUE","CC-BY-NC-ND-4.0","FALSE",""
"PMC5948938","TRUE","TRUE","FALSE","FALSE","FALSE","FALSE","FALSE",,"TRUE","CC-BY-4.0","FALSE",""
"PMC5953220","TRUE","TRUE","FALSE","FALSE","FALSE","FALSE","FALSE",,"TRUE","CC-BY-NC-ND-4.0","FALSE",""
"PMC5957394","TRUE","TRUE","FALSE","FALSE","FALSE","TRUE","FALSE",,"TRUE","CC-BY-4.0","FALSE",""
"PMC5967137","FALSE","FALSE","FALSE","FALSE","FALSE","FALSE","FALSE",,"TRUE","CC-BY-4.0","FALSE",""
"PMC5967695","TRUE","TRUE","FALSE","FALSE","FALSE","TRUE","TRUE",,"TRUE","CC-BY-4.0","FALSE",""
"PMC5970468","TRUE","FALSE","TRUE","TRUE","FALSE","FALSE","FALSE",,"TRUE","CC-BY-4.0","FALSE",""
"PMC5972915","TRUE","TRUE","FALSE","FALSE","FALSE","FALSE","FALSE",,"TRUE","CC-BY-4.0","FALSE",""
"PMC5973952","FALSE","TRUE","FALSE","FALSE","FALSE","FALSE","FALSE",,"TRUE","CC-BY-4.0","FALSE",""
"PMC5975412","TRUE","TRUE","FALSE","FALSE","FALSE","FALSE","FALSE",,"TRUE","CC-BY-4.0","TRUE","CONSORT"
"PMC5975470","TRUE","TRUE","FALSE","FALSE","FALSE","FALSE","FALSE",,"TRUE","CC-BY-4.0","TRUE","PRISMA; CONSORT"
"PMC5980365","TRUE","TRUE","FALSE","FALSE","FALSE","FALSE","FALSE",,"TRUE","CC-BY-NC-4.0","FALSE",""
"PMC5983520","TRUE","FALSE","TRUE","FALSE","FALSE","TRUE","FALSE",,"TRUE","CC-BY-4.0","TRUE","PRISMA"
"PMC5989297","TRUE","FALSE","TRUE","FALSE","FALSE","FALSE","FALSE",,"TRUE","CC-BY-4.0","TRUE","CONSORT"
"PMC5990539","TRUE","FALSE","FALSE","FALSE","FALSE","FALSE","FALSE",,"TRUE","CC-BY-4.0","FALSE",""
"PMC5994013","TRUE","TRUE","FALSE","TRUE","FALSE","TRUE","FALSE",,"TRUE","CC-BY-4.0","FALSE",""
"PMC5998555","TRUE","TRUE","TRUE","TRUE","FALSE","FALSE","FALSE",,"TRUE","CC-BY-4.0","FALSE",""
"PMC5998853","TRUE","FALSE","FALSE","FALSE","FALSE","FALSE","FALSE",,"TRUE","CC-BY-NC-SA-4.0","FALSE",""
"PMC6000600","TRUE","FALSE","TRUE","FALSE","FALSE","FALSE","FALSE",,"TRUE","CC-BY-NC-4.0","FALSE",""
"PMC6003687","TRUE","FALSE","TRUE","FALSE","FALSE","TRUE","FALSE",,"TRUE","CC-BY-4.0","TRUE","PRISMA; STROBE"
"PMC6009874","TRUE","FALSE","FALSE","FALSE","FALSE","FALSE","FALSE",,"TRUE","CC-BY-4.0","FALSE",""
"PMC6009916","TRUE","TRUE","FALSE","FALSE","FALSE","FALSE","FALSE",,"TRUE","CC-BY-4.0","FALSE",""
"PMC6011413","TRUE","TRUE","FALSE","FALSE","FALSE","TRUE","FALSE",,"TRUE","CC-BY-4.0","FALSE",""
"PMC6011420","TRUE","TRUE","FALSE","FALSE","FALSE","TRUE","TRUE",,"TRUE","CC-BY-4.0","FALSE",""
"PMC6011935","TRUE","TRUE","FALSE","FALSE","FALSE","TRUE","FALSE",,"TRUE","CC-BY-4.0","FALSE",""
"PMC6013234","TRUE","TRUE","FALSE","TRUE","FALSE","TRUE","FALSE",,"TRUE","CC-BY-4.0","FALSE",""
"PMC6021067","TRUE","TRUE","FALSE","TRUE","TRUE","FALSE","TRUE",,"TRUE","CC-BY-4.0","FALSE",""
"PMC6023691","TRUE","TRUE","TRUE","TRUE","FALSE","FALSE","FALSE",,"TRUE","CC-BY-4.0","FALSE",""
"PMC6026173","TRUE","TRUE","FALSE","FALSE","TRUE","TRUE","TRUE",,"TRUE","CC-BY-4.0","FALSE",""
"PMC6028862","TRUE","TRUE","FALSE","TRUE","FALSE","FALSE","FALSE",,"TRUE","CC-BY-4.0","FALSE",""
"PMC6034860","TRUE","TRUE","FALSE","FALSE","TRUE","TRUE","TRUE",,"TRUE","CC-BY-4.0","FALSE",""
"PMC6036377","TRUE","TRUE","FALSE","FALSE","FALSE","FALSE","FALSE",,"TRUE","CC-BY-4.0","FALSE",""
"PMC6041928","TRUE","TRUE","TRUE","TRUE","FALSE","FALSE","FALSE",,"TRUE","CC-BY-NC-3.0","FALSE",""
"PMC6049898","TRUE","TRUE","FALSE","FALSE","FALSE","TRUE","TRUE",,"TRUE","CC-BY-4.0","FALSE",""
"PMC6056113","FALSE","TRUE","FALSE","FALSE","FALSE","FALSE","FALSE",,"TRUE","CC-BY-4.0","FALSE",""
"PMC6059423","TRUE","TRUE","FALSE","FALSE","FALSE","TRUE","TRUE",,"TRUE","CC-BY-4.0","FALSE",""
"PMC6070735","FALSE","TRUE","FALSE","FALSE","FALSE","FALSE","FALSE",,"TRUE","CC-BY-4.0","FALSE",""
"PMC6071422","TRUE","TRUE","FALSE","TRUE","FALSE","TRUE","TRUE",,"FALSE","","FALSE",""
"PMC6073291","TRUE","TRUE","FALSE","FALSE","FALSE","FALSE","FALSE",,"TRUE","CC-BY-4.0","FALSE",""
"PMC6075218","FALSE","TRUE","FALSE","FALSE","FALSE","FALSE","FALSE",,"FALSE","","FALSE",""
"PMC6076999","TRUE","TRUE","FALSE","FALSE","FALSE","FALSE","TRUE",,"FALSE","","FALSE",""
"PMC6077275","TRUE","FALSE","FALSE","FALSE","FALSE","FALSE","FALSE",,"TRUE","CC-BY-4.0","FALSE",""
"PMC6080951","TRUE","TRUE","FALSE","TRUE","FALSE","TRUE","TRUE",,"TRUE","CC-BY-4.0","FALSE",""
"PMC6082327","TRUE","TRUE","FALSE","FALSE","FALSE","TRUE","FALSE",,"TRUE","CC-BY-NC-ND-4.0","FALSE",""
"PMC6084293","TRUE","TRUE","FALSE","FALSE","FALSE","FALSE","FALSE",,"TRUE","CC-BY-NC-ND-4.0","FALSE",""
"PMC6091333","FALSE","FALSE","FALSE","FALSE","FALSE","FALSE","FALSE",,"TRUE","CC-BY-4.0","FALSE",""
"PMC6092580","TRUE","FALSE","FALSE","TRUE","FALSE","FALSE","FALSE",,"TRUE","CC-BY-NC-4.0","FALSE",""
"PMC6092663","TRUE","FALSE","FALSE","FALSE","FALSE","FALSE","FALSE",,"TRUE","CC-BY-4.0","FALSE",""
"PMC6096830","FALSE","TRUE","FALSE","FALSE","FALSE","FALSE","FALSE",,"FALSE","","FALSE",""
"PMC6097083","TRUE","TRUE","FALSE","FALSE","FALSE","FALSE","FALSE",,"TRUE","CC-BY-4.0","FALSE",""
"PMC6097604","FALSE","TRUE","FALSE","FALSE","FALSE","FALSE","TRUE",,"FALSE","","FALSE",""
"PMC6098593","TRUE","TRUE","FALSE","FALSE","FALSE","FALSE","FALSE",,"TRUE","CC-BY-4.0","FALSE",""
"PMC6099321","FALSE","FALSE","FALSE","FALSE","FALSE","FALSE","FALSE",,"TRUE","CC-BY-NC-ND-4.0","FALSE",""
"PMC6112630","TRUE","TRUE","FALSE","TRUE","TRUE","FALSE","TRUE",,"TRUE","CC-BY-4.0","TRUE","STROBE"
"PMC6116344","TRUE","FALSE","FALSE","FALSE","FALSE","FALSE","FALSE",,"TRUE","CC-BY-NC-ND-4.0","FALSE",""
"PMC6120622","TRUE","TRUE","FALSE","TRUE","TRUE","FALSE","TRUE",,"TRUE","CC-BY-NC-4.0","FALSE",""
"PMC6122460","TRUE","TRUE","FALSE","FALSE","TRUE","FALSE","FALSE",,"TRUE","CC-BY-4.0","FALSE",""
"PMC6128690","TRUE","TRUE","FALSE","TRUE","TRUE","TRUE","FALSE",,"TRUE","CC-BY-4.0","FALSE",""
"PMC6129455","TRUE","FALSE","FALSE","FALSE","FALSE","TRUE","FALSE",,"TRUE","CC-BY-4.0","FALSE",""
"PMC6130211","TRUE","TRUE","FALSE","TRUE","FALSE","FALSE","FALSE",,"TRUE","CC-BY-NC-ND-4.0","FALSE",""
"PMC6130475","TRUE","TRUE","FALSE","FALSE","FALSE","FALSE","FALSE",,"TRUE","CC-BY-4.0","FALSE",""
"PMC6130479","TRUE","TRUE","FALSE","FALSE","FALSE","FALSE","FALSE",,"TRUE","CC-BY-4.0","FALSE",""
"PMC6130613","TRUE","TRUE","TRUE","FALSE","FALSE","FALSE","FALSE",,"TRUE","CC-BY-4.0","FALSE",""
"PMC6133598","TRUE","TRUE","FALSE","TRUE","FALSE","FALSE","TRUE",,"TRUE","CC-BY-NC-ND-4.0","FALSE",""
"PMC6133631","TRUE","TRUE","FALSE","FALSE","FALSE","FALSE","FALSE",,"TRUE","CC-BY-NC-ND-4.0","FALSE",""
"PMC6135848","TRUE","FALSE","FALSE","FALSE","FALSE","FALSE","FALSE",,"TRUE","CC-BY-4.0","FALSE",""
"PMC6137412","TRUE","TRUE","FALSE","FALSE","FALSE","TRUE","TRUE",,"TRUE","CC-BY-4.0","FALSE",""
"PMC6139165","TRUE","TRUE","TRUE","TRUE","FALSE","FALSE","FALSE",,"TRUE","CC-BY-4.0","FALSE",""
"PMC6139432","TRUE","TRUE","FALSE","FALSE","FALSE","FALSE","FALSE",,"TRUE","CC-BY-NC-4.0","FALSE",""
"PMC6139989","TRUE","TRUE","FALSE","FALSE","FALSE","FALSE","FALSE",,"TRUE","CC-BY-NC-4.0","FALSE",""
"PMC6141994","TRUE","TRUE","FALSE","FALSE","FALSE","FALSE","FALSE",,"TRUE","CC-BY-4.0","FALSE",""
"PMC6152751","TRUE","TRUE","FALSE","FALSE","FALSE","FALSE","FALSE",,"TRUE","CC-BY-4.0","FALSE",""
"PMC6153620","FALSE","FALSE","FALSE","FALSE","FALSE","FALSE","FALSE",,"TRUE","CC-BY-NC-3.0","FALSE",""
"PMC6154568","TRUE","FALSE","FALSE","FALSE","FALSE","FALSE","FALSE",,"TRUE","CC-BY-4.0","FALSE",""
"PMC6154708","TRUE","TRUE","FALSE","FALSE","FALSE","FALSE","FALSE",,"TRUE","CC-BY-NC-3.0","FALSE",""
"PMC6164442","TRUE","TRUE","TRUE","FALSE","FALSE","FALSE","FALSE",,"TRUE","CC-BY-4.0","FALSE",""
"PMC6166990","TRUE","TRUE","FALSE","FALSE","FALSE","TRUE","FALSE",,"TRUE","CC-BY-4.0","FALSE",""
"PMC6168101","FALSE","FALSE","FALSE","FALSE","FALSE","FALSE","FALSE",,"FALSE","","FALSE",""
"PMC6175347","TRUE","TRUE","TRUE","TRUE","FALSE","FALSE","FALSE",,"TRUE","CC-BY-NC-ND-4.0","FALSE",""
"PMC6176624","TRUE","TRUE","FALSE","FALSE","FALSE","FALSE","FALSE",,"FALSE","","FALSE",""
"PMC6177118","TRUE","TRUE","FALSE","FALSE","FALSE","TRUE","FALSE",,"TRUE","CC-BY-4.0","FALSE",""
"PMC6181543","TRUE","TRUE","FALSE","FALSE","FALSE","FALSE","FALSE",,"TRUE","CC-BY-NC-4.0","FALSE",""
"PMC6181554","TRUE","FALSE","FALSE","FALSE","FALSE","FALSE","FALSE",,"TRUE","CC-BY-NC-ND-4.0","FALSE",""
"PMC6188640","FALSE","TRUE","FALSE","FALSE","FALSE","FALSE","FALSE",,"TRUE","CC-BY-NC-4.0","FALSE",""
"PMC6189109","TRUE","TRUE","FALSE","FALSE","FALSE","TRUE","FALSE",,"TRUE","CC-BY-4.0","FALSE",""
"PMC6191602","TRUE","FALSE","FALSE","TRUE","FALSE","FALSE","FALSE",,"TRUE","CC-BY-NC-ND-4.0","FALSE",""
"PMC6196107","TRUE","FALSE","TRUE","TRUE","FALSE","FALSE","FALSE",,"TRUE","CC-BY-4.0","TRUE","PRISMA"
"PMC6199979","FALSE","FALSE","FALSE","FALSE","FALSE","FALSE","FALSE",,"TRUE","CC-BY-4.0","FALSE",""
"PMC6200243","TRUE","TRUE","FALSE","FALSE","FALSE","TRUE","TRUE",,"TRUE","CC-BY-4.0","FALSE",""
"PMC6207812","TRUE","FALSE","FALSE","TRUE","FALSE","FALSE","FALSE",,"TRUE","CC-BY-NC-ND-4.0","FALSE",""
"PMC6209133","TRUE","TRUE","FALSE","TRUE","TRUE","TRUE","TRUE",,"TRUE","CC-BY-4.0","FALSE",""
"PMC6211438","TRUE","TRUE","FALSE","FALSE","FALSE","TRUE","TRUE",,"TRUE","CC-BY-4.0","FALSE",""
"PMC6213297","TRUE","TRUE","FALSE","TRUE","FALSE","FALSE","FALSE",,"TRUE","CC-BY-4.0","FALSE",""
"PMC6216580","FALSE","TRUE","FALSE","FALSE","FALSE","FALSE","FALSE",,"TRUE","CC-BY-4.0","FALSE",""
"PMC6219592","TRUE","TRUE","TRUE","FALSE","FALSE","FALSE","TRUE",,"TRUE","CC-BY-NC-ND-4.0","TRUE","CONSORT"
"PMC6224202","TRUE","TRUE","FALSE","FALSE","FALSE","FALSE","FALSE",,"TRUE","CC-BY-NC-SA-3.0","FALSE",""
"PMC6234480","TRUE","FALSE","FALSE","FALSE","FALSE","FALSE","FALSE",,"TRUE","CC-BY-4.0","FALSE",""
"PMC6235508","FALSE","FALSE","FALSE","FALSE","FALSE","FALSE","FALSE",,"TRUE","CC-BY-2.0","FALSE",""
"PMC6236804","TRUE","TRUE","FALSE","TRUE","FALSE","FALSE","FALSE",,"TRUE","CC-BY-4.0","FALSE",""
"PMC6247086","FALSE","FALSE","FALSE","TRUE","FALSE","FALSE","FALSE",,"TRUE","CC-BY-4.0","FALSE",""
"PMC6248043","TRUE","TRUE","FALSE","FALSE","FALSE","FALSE","FALSE",,"TRUE","CC-BY-NC-ND-4.0","FALSE",""
"PMC6249978","TRUE","TRUE","FALSE","FALSE","FALSE","FALSE","FALSE",,"TRUE","CC-BY-4.0","FALSE",""
"PMC6250996","FALSE","FALSE","FALSE","FALSE","FALSE","FALSE","FALSE",,"FALSE","","FALSE",""
"PMC6266319","TRUE","FALSE","FALSE","FALSE","FALSE","FALSE","FALSE",,"TRUE","CC-BY-4.0","FALSE",""
"PMC6266610","TRUE","FALSE","FALSE","FALSE","FALSE","FALSE","FALSE",,"TRUE","CC-BY-4.0","FALSE",""
"PMC6272872","TRUE","FALSE","FALSE","FALSE","FALSE","FALSE","FALSE",,"TRUE","CC-BY-4.0","FALSE",""
"PMC6276583","FALSE","TRUE","FALSE","FALSE","FALSE","FALSE","FALSE",,"TRUE","CC-BY-NC-4.0","FALSE",""
"PMC6287160","TRUE","TRUE","FALSE","FALSE","FALSE","FALSE","FALSE",,"TRUE","CC-BY-4.0","FALSE",""
"PMC6287763","TRUE","TRUE","FALSE","FALSE","FALSE","FALSE","TRUE",,"FALSE","","FALSE",""
"PMC6292020","TRUE","TRUE","FALSE","FALSE","FALSE","TRUE","FALSE",,"TRUE","CC-BY-4.0","FALSE",""
"PMC6293353","TRUE","FALSE","FALSE","FALSE","FALSE","FALSE","FALSE",,"TRUE","CC-BY-NC-3.0","FALSE",""
"PMC6297232","TRUE","TRUE","FALSE","FALSE","FALSE","TRUE","TRUE",,"TRUE","CC-BY-4.0","FALSE",""
"PMC6299793","FALSE","TRUE","FALSE","FALSE","FALSE","FALSE","FALSE",,"TRUE","CC-BY-NC-ND-4.0","FALSE",""
"PMC6301046","FALSE","TRUE","TRUE","FALSE","FALSE","FALSE","TRUE",,"FALSE","","FALSE",""
"PMC6301789","TRUE","TRUE","FALSE","TRUE","FALSE","TRUE","TRUE",,"TRUE","CC-BY-4.0","FALSE",""
"PMC6305035","TRUE","FALSE","FALSE","FALSE","FALSE","TRUE","FALSE",,"TRUE","CC-BY-4.0","FALSE",""
"PMC6306995","FALSE","TRUE","FALSE","FALSE","FALSE","FALSE","FALSE",,"TRUE","CC-BY-4.0","FALSE",""
"PMC6314787","TRUE","FALSE","FALSE","TRUE","FALSE","FALSE","FALSE",,"TRUE","CC-BY-NC-ND-4.0","FALSE",""
"PMC6318407","FALSE","FALSE","FALSE","FALSE","FALSE","FALSE","FALSE",,"TRUE","CC-BY-SA-4.0","FALSE",""
"PMC6319006","TRUE","TRUE","TRUE","TRUE","FALSE","FALSE","FALSE",,"TRUE","CC-BY-4.0","TRUE","CONSORT; SPIRIT"
"PMC6322206","TRUE","TRUE","FALSE","TRUE","FALSE","TRUE","FALSE",,"FALSE","","FALSE",""
"PMC6322676","TRUE","TRUE","FALSE","FALSE","FALSE","TRUE","FALSE",,"FALSE","","FALSE",""
"PMC6325765","TRUE","TRUE","FALSE","FALSE","FALSE","TRUE","FALSE",,"TRUE","CC-BY-4.0","FALSE",""
"PMC6328311","TRUE","TRUE","FALSE","FALSE","FALSE","FALSE","FALSE",,"FALSE","","FALSE",""
"PMC6329791","TRUE","TRUE","FALSE","TRUE","FALSE","TRUE","FALSE",,"TRUE","CC-BY-4.0","FALSE",""
"PMC6337815","TRUE","TRUE","FALSE","FALSE","FALSE","TRUE","FALSE",,"TRUE","CC-BY-4.0","FALSE",""
"PMC6343179","TRUE","TRUE","FALSE","FALSE","FALSE","TRUE","FALSE",,"TRUE","CC-BY-4.0","FALSE",""
"PMC6353566","TRUE","TRUE","FALSE","FALSE","TRUE","FALSE","FALSE",,"FALSE","","FALSE",""
"PMC6354244","TRUE","TRUE","FALSE","FALSE","TRUE","TRUE","TRUE",,"FALSE","","FALSE",""
"PMC6357397","TRUE","TRUE","FALSE","TRUE","FALSE","TRUE","TRUE",,"TRUE","CC-BY-4.0","FALSE",""
"PMC6357490","TRUE","TRUE","FALSE","FALSE","FALSE","FALSE","FALSE",,"TRUE","CC-BY-4.0","FALSE",""
"PMC6359191","TRUE","TRUE","FALSE","FALSE","FALSE","FALSE","FALSE",,"TRUE","CC-BY-4.0","FALSE",""
"PMC6379560","TRUE","FALSE","FALSE","FALSE","FALSE","FALSE","FALSE",,"TRUE","CC-BY-2.0","FALSE",""
"PMC6381720","TRUE","TRUE","FALSE","FALSE","FALSE","FALSE","TRUE",,"TRUE","CC-BY-4.0","FALSE",""
"PMC6382865","TRUE","FALSE","FALSE","FALSE","TRUE","TRUE","TRUE",,"TRUE","CC-BY-4.0","FALSE",""
"PMC6384841","TRUE","TRUE","FALSE","FALSE","FALSE","FALSE","FALSE",,"TRUE","CC-BY-4.0","FALSE",""
"PMC6387511","TRUE","FALSE","FALSE","FALSE","FALSE","FALSE","FALSE",,"TRUE","CC-BY-4.0","FALSE",""
"PMC6392619","TRUE","FALSE","FALSE","FALSE","FALSE","FALSE","FALSE",,"TRUE","CC-BY-4.0","FALSE",""
"PMC6393987","TRUE","TRUE","FALSE","FALSE","FALSE","FALSE","FALSE",,"TRUE","CC-BY-4.0","FALSE",""
"PMC6394466","TRUE","FALSE","FALSE","TRUE","FALSE","FALSE","FALSE",,"TRUE","CC-BY-4.0","FALSE",""
"PMC6396441","TRUE","TRUE","TRUE","TRUE","FALSE","FALSE","FALSE",,"TRUE","CC-BY-4.0","FALSE",""
"PMC6410347","TRUE","TRUE","FALSE","TRUE","TRUE","FALSE","FALSE",,"TRUE","CC-BY-NC-ND-4.0","FALSE",""
"PMC6413761","TRUE","TRUE","FALSE","TRUE","FALSE","FALSE","FALSE",,"TRUE","CC-BY","FALSE",""
"PMC6414652","TRUE","TRUE","FALSE","TRUE","FALSE","TRUE","TRUE",,"TRUE","CC-BY-4.0","FALSE",""
"PMC6444420","TRUE","TRUE","FALSE","FALSE","FALSE","FALSE","FALSE",,"TRUE","CC-BY-4.0","FALSE",""
"PMC6446352","TRUE","TRUE","FALSE","TRUE","FALSE","TRUE","FALSE",,"TRUE","CC-BY-4.0","FALSE",""
"PMC6469210","TRUE","TRUE","TRUE","FALSE","FALSE","FALSE","FALSE",,"TRUE","CC-BY-4.0","TRUE","COREQ"
"PMC6471142","TRUE","TRUE","TRUE","FALSE","FALSE","FALSE","FALSE",,"TRUE","CC-BY-4.0","FALSE",""
"PMC7617392","TRUE","TRUE","FALSE","FALSE","FALSE","TRUE","FALSE","FALSE","TRUE","CC-BY-4.0","FALSE",""
"PMC7617409","TRUE","TRUE","FALSE","FALSE","FALSE","FALSE","FALSE","FALSE","TRUE","CC-BY-4.0","FALSE",""
"PMC7617433","TRUE","TRUE","TRUE","FALSE","TRUE","FALSE","FALSE","FALSE","TRUE","CC-BY-4.0","FALSE",""
"PMC7617486","TRUE","TRUE","FALSE","TRUE","FALSE","FALSE","FALSE","FALSE","TRUE","CC-BY-4.0","FALSE",""
"PMC7617532","FALSE","TRUE","FALSE","TRUE","FALSE","FALSE","FALSE","FALSE","TRUE","CC-BY-4.0","FALSE",""
"PMC7617621","FALSE","TRUE","FALSE","TRUE","FALSE","FALSE","FALSE","FALSE","TRUE","CC-BY-4.0","FALSE",""
"PMC7617659","TRUE","TRUE","TRUE","TRUE","FALSE","TRUE","FALSE","FALSE","TRUE","CC-BY-4.0","FALSE",""
"PMC7617692","TRUE","TRUE","FALSE","FALSE","FALSE","TRUE","TRUE","FALSE","TRUE","CC-BY-4.0","FALSE",""
"PMC7617815","TRUE","TRUE","FALSE","FALSE","FALSE","TRUE","TRUE","FALSE","TRUE","CC-BY-4.0","FALSE",""
"PMC7617895","TRUE","TRUE","FALSE","TRUE","FALSE","TRUE","FALSE","FALSE","TRUE","CC-BY-4.0","FALSE",""
"PMC7618021","TRUE","TRUE","FALSE","FALSE","FALSE","FALSE","FALSE","FALSE","TRUE","CC-BY-4.0","FALSE",""
"PMC7618081","TRUE","TRUE","FALSE","FALSE","FALSE","TRUE","FALSE","FALSE","TRUE","CC-BY-4.0","FALSE",""
"PMC7618106","TRUE","TRUE","FALSE","FALSE","FALSE","TRUE","FALSE","FALSE","TRUE","CC-BY-4.0","FALSE",""
"PMC7618114","TRUE","TRUE","FALSE","FALSE","FALSE","FALSE","FALSE","FALSE","TRUE","CC-BY-4.0","FALSE",""
"PMC7618128","FALSE","TRUE","FALSE","FALSE","FALSE","FALSE","FALSE","FALSE","TRUE","CC-BY-4.0","FALSE",""
"PMC7618177","TRUE","TRUE","FALSE","TRUE","FALSE","FALSE","FALSE","FALSE","TRUE","CC-BY-4.0","FALSE",""
"PMC7618239","TRUE","TRUE","FALSE","FALSE","FALSE","TRUE","TRUE","FALSE","TRUE","CC-BY-4.0","FALSE",""
"PMC7618630","TRUE","TRUE","FALSE","FALSE","FALSE","FALSE","FALSE","FALSE","TRUE","CC-BY-4.0","FALSE",""
"PMC7618637","TRUE","TRUE","FALSE","TRUE","TRUE","FALSE","TRUE","FALSE","TRUE","CC-BY-4.0","FALSE",""
"PMC7618726","TRUE","TRUE","FALSE","TRUE","FALSE","TRUE","FALSE","FALSE","TRUE","CC-BY-4.0","FALSE",""
"PMC7618909","TRUE","TRUE","FALSE","FALSE","FALSE","TRUE","FALSE","FALSE","TRUE","CC-BY-4.0","FALSE",""
"PMC7618942","FALSE","TRUE","FALSE","TRUE","TRUE","TRUE","FALSE",,"TRUE","CC-BY-4.0","FALSE",""
"PMC7619108","TRUE","TRUE","FALSE","FALSE","FALSE","FALSE","FALSE",,"TRUE","CC-BY-4.0","FALSE",""
"PMC7619148","TRUE","TRUE","FALSE","FALSE","FALSE","FALSE","FALSE","FALSE","TRUE","CC-BY-4.0","FALSE",""
"PMC8883771","TRUE","TRUE","TRUE","FALSE","TRUE","FALSE","FALSE",,"TRUE","CC-BY-4.0","FALSE",""
"PMC9989702","TRUE","TRUE","FALSE","FALSE","FALSE","FALSE","FALSE","FALSE","TRUE","CC-BY-4.0","FALSE",""
